-- phpMyAdmin SQL Dump
-- version 4.9.0.1
-- https://www.phpmyadmin.net/
--
-- Máy chủ: 127.0.0.1
-- Thời gian đã tạo: Th12 30, 2019 lúc 03:37 PM
-- Phiên bản máy phục vụ: 10.3.16-MariaDB
-- Phiên bản PHP: 7.3.7

SET SQL_MODE = "NO_AUTO_VALUE_ON_ZERO";
SET AUTOCOMMIT = 0;
START TRANSACTION;
SET time_zone = "+00:00";


/*!40101 SET @OLD_CHARACTER_SET_CLIENT=@@CHARACTER_SET_CLIENT */;
/*!40101 SET @OLD_CHARACTER_SET_RESULTS=@@CHARACTER_SET_RESULTS */;
/*!40101 SET @OLD_COLLATION_CONNECTION=@@COLLATION_CONNECTION */;
/*!40101 SET NAMES utf8mb4 */;

--
-- Cơ sở dữ liệu: `php41_project_product`
--

-- --------------------------------------------------------

--
-- Cấu trúc bảng cho bảng `tbl_category`
--

CREATE TABLE `tbl_category` (
  `id` int(11) NOT NULL,
  `name` varchar(500) NOT NULL
) ENGINE=MyISAM DEFAULT CHARSET=utf8mb4;

--
-- Đang đổ dữ liệu cho bảng `tbl_category`
--

INSERT INTO `tbl_category` (`id`, `name`) VALUES
(1, 'Apple'),
(2, 'Samsung'),
(3, 'LG'),
(4, 'Nokia'),
(5, 'Oppo');

-- --------------------------------------------------------

--
-- Cấu trúc bảng cho bảng `tbl_customer`
--

CREATE TABLE `tbl_customer` (
  `customer_id` int(11) NOT NULL,
  `fullname` varchar(500) NOT NULL,
  `email` varchar(500) NOT NULL,
  `address` varchar(500) NOT NULL,
  `phone` varchar(500) NOT NULL
) ENGINE=InnoDB DEFAULT CHARSET=utf8;

--
-- Đang đổ dữ liệu cho bảng `tbl_customer`
--

INSERT INTO `tbl_customer` (`customer_id`, `fullname`, `email`, `address`, `phone`) VALUES
(2, 'Nguyễn Văn A', 'admin1@mail.com', 'ha noi', '0825585459'),
(3, 'Nguyễn Văn A', 'tung.anhb3@gmail.com', 'ha noi', '0825585459'),
(4, 'tung anh', 'admin1@gmail.com', 'Thôn Thanh Hương Xã Xuân Quỳ Huyện Như Xuân Tỉnh Thanh Hóa', '0399966637'),
(5, 'fsfs', 'jkb', 'hkb', 'jhghj'),
(6, 'tung anh', 'tung.anhb3@gmail.com', 'Thôn Thanh Hương Xã Xuân Quỳ Huyện Như Xuân Tỉnh Thanh Hóa', '0399966637');

-- --------------------------------------------------------

--
-- Cấu trúc bảng cho bảng `tbl_order`
--

CREATE TABLE `tbl_order` (
  `order_id` int(11) NOT NULL,
  `customer_id` int(11) NOT NULL,
  `create_at` date NOT NULL,
  `status` int(11) NOT NULL DEFAULT 0 COMMENT '0: chưa giao hàng - 1: đã giao hàng'
) ENGINE=InnoDB DEFAULT CHARSET=utf8;

--
-- Đang đổ dữ liệu cho bảng `tbl_order`
--

INSERT INTO `tbl_order` (`order_id`, `customer_id`, `create_at`, `status`) VALUES
(4, 2, '2019-09-23', 0),
(5, 3, '2019-09-30', 0),
(6, 4, '2019-10-14', 0),
(7, 5, '2019-10-15', 0),
(8, 6, '2019-10-28', 0);

-- --------------------------------------------------------

--
-- Cấu trúc bảng cho bảng `tbl_order_detail`
--

CREATE TABLE `tbl_order_detail` (
  `order_detail_id` int(11) NOT NULL,
  `order_id` int(11) NOT NULL,
  `product_id` int(11) NOT NULL,
  `price` float NOT NULL,
  `number` int(11) NOT NULL
) ENGINE=InnoDB DEFAULT CHARSET=utf8;

--
-- Đang đổ dữ liệu cho bảng `tbl_order_detail`
--

INSERT INTO `tbl_order_detail` (`order_detail_id`, `order_id`, `product_id`, `price`, `number`) VALUES
(7, 4, 4, 6490000, 3),
(8, 4, 3, 8490000, 3),
(9, 5, 5, 27990000, 4),
(10, 5, 6, 16990000, 1),
(11, 6, 8, 5990000, 1),
(12, 7, 2, 12990000, 1),
(13, 8, 5, 27990000, 1);

-- --------------------------------------------------------

--
-- Cấu trúc bảng cho bảng `tbl_product`
--

CREATE TABLE `tbl_product` (
  `id` int(11) NOT NULL,
  `name` varchar(500) NOT NULL,
  `category_id` int(11) NOT NULL,
  `description` text NOT NULL,
  `content` text NOT NULL,
  `hotproduct` int(1) NOT NULL,
  `img` varchar(500) NOT NULL,
  `price` float NOT NULL
) ENGINE=InnoDB DEFAULT CHARSET=utf8;

--
-- Đang đổ dữ liệu cho bảng `tbl_product`
--

INSERT INTO `tbl_product` (`id`, `name`, `category_id`, `description`, `content`, `hotproduct`, `img`, `price`) VALUES
(1, 'iPhone X 64GB', 3, '<p>Mặc d&ugrave; đang chứng kiến đ&agrave; tăng cao nhất kể từ th&aacute;ng 11/2017, song nhiều chuy&ecirc;n gia nhận định vẫn c&ograve;n qu&aacute; sớm để kết luận rằng Bitcoin l&agrave; một nơi tr&uacute; ẩn an to&agrave;n, trong bối cảnh thị trường tiền ảo vẫn tiềm ẩn nhiều rủi ro v&agrave; c&oacute; biến động gi&aacute; lớn.</p>\r\n', '<p>Dưới đ&acirc;y l&agrave; 15 sự thật th&uacute; vị, nhưng cũng đầy bất ngờ về đồng tiền ảo Bitcoin m&agrave; c&oacute; thể bạn chưa từng hay biết.</p>\r\n\r\n<p>1.&nbsp;Người s&aacute;ng lập Bitcoin cho tới ng&agrave;y nay vẫn ho&agrave;n to&agrave;n l&agrave; một ẩn số. Mặc d&ugrave; nhiều nguồn tin nhắc đến Satoshi Nakamoto như người đầu ti&ecirc;n đặt ra kh&aacute;i niệm Bitcoin v&agrave; tiền ảo, nhưng Satoshi l&agrave; ai th&igrave; kh&ocirc;ng một ai hay biết. Gần đ&acirc;y, một số bằng chứng lại chỉ ra rằng Bitcoin c&oacute; thể do một tội phạm người Zimbabwe c&oacute; t&ecirc;n l&agrave; Paul Le Roux tạo n&ecirc;n.</p>\r\n\r\n<p><img alt=\"15 sự thật thú vị về đồng tiền ảo Bitcoin có thể bạn chưa biết - 1\" src=\"https://icdn.dantri.com.vn/2019/06/05/bf-97620-d-1-d-7-a-48789-bc-256956-cbe-0-a-16-1559707991358.jpeg\" title=\"15 sự thật thú vị về đồng tiền ảo Bitcoin có thể bạn chưa biết - 1\" /></p>\r\n\r\n<p>Người s&aacute;ng lập Bitcoin l&agrave; ai, cho tới ng&agrave;y nay vẫn ho&agrave;n to&agrave;n l&agrave; một ẩn số.</p>\r\n\r\n<p>2. Bitcoin phải nhiều th&aacute;ng mới xuất hiện sau c&ocirc;ng bố của người đ&agrave;n &ocirc;ng b&iacute; ẩn mang m&atilde; danh Satoshi về một kh&aacute;i niệm trao đổi đồng tiền m&atilde; ho&aacute; theo phương thức p2p.</p>\r\n\r\n<p>3. Bản ghi đầu ti&ecirc;n của một giao dịch bằng Bitcoin đ&oacute; l&agrave; khi Satoshi gửi cho Hal Finney - một th&agrave;nh vi&ecirc;n &ldquo;đời đầu&rdquo;, số tiền ảo mệnh gi&aacute; 100 BTC.</p>\r\n\r\n<p>4. Giao dịch bằng Bitcoin đổi lấy h&agrave;ng ho&aacute; được thực hiện lần đầu ti&ecirc;n v&agrave;o năm 2010, khi hai b&ecirc;n mua - b&aacute;n gặp nhau trực tiếp v&agrave; đạt được thoả thuận giao dịch.</p>\r\n\r\n<p>5. Giao dịch n&oacute;i tr&ecirc;n bao gồm việc mua 2 chiếc b&aacute;nh pizza với gi&aacute; trị tổng cộng 10.000 BTC.</p>\r\n\r\n<p>6. Nếu quy đổi theo mệnh gi&aacute; Bitcoin ng&agrave;y nay, 2 chiếc pizza được nhắc đến sẽ c&oacute; gi&aacute; trị tương đương 62 triệu đ&ocirc; la Mỹ.</p>\r\n\r\n<p><img alt=\"15 sự thật thú vị về đồng tiền ảo Bitcoin có thể bạn chưa biết - 2\" src=\"https://icdn.dantri.com.vn/2019/06/05/1-fbfa-8838-dc-1406-aacc-4175823-b-857-c-7-1559708082499.jpeg\" title=\"15 sự thật thú vị về đồng tiền ảo Bitcoin có thể bạn chưa biết - 2\" /></p>\r\n\r\n<p>Giao dịch đầu ti&ecirc;n được thực hiện bằng Bitcoin đ&oacute; l&agrave; mua 2 chiếc b&aacute;nh pizza.</p>\r\n\r\n<p>7. Bitcoin v&agrave; c&aacute;c đồng tiền ảo kh&aacute;c kh&ocirc;ng thể được thay đổi hoặc thao t&uacute;ng bởi một tổ chức hợp ph&aacute;p n&agrave;o, ngay cả khi đ&oacute; l&agrave; ch&iacute;nh phủ. Cũng kh&ocirc;ng c&oacute; ai nắm được đ&agrave; tăng hay giảm của Bitcoin.</p>\r\n\r\n<p>8. Bitcoin được chứa trong một thứ gọi l&agrave; &ldquo;v&iacute; tiền ảo&rdquo;, nơi m&agrave; tất cả t&agrave;i sản của người chơi sẽ được lưu trữ an to&agrave;n dưới dạng số ho&aacute;.</p>\r\n\r\n<p>9. Khối chuỗi (blockchain) l&agrave; c&ocirc;ng nghệ đứng sau Bitcoin, cho ph&eacute;p n&oacute; ghi lại to&agrave;n bộ c&aacute;c giao dịch v&agrave; thanh to&aacute;n bằng đồng tiền ảo n&agrave;y.</p>\r\n\r\n<p>10. Tất cả giao dịch Bitcoin v&agrave; d&ograve;ng tiền của n&oacute; đều c&oacute; thể được truy cập v&agrave; nh&igrave;n thấy bởi những người tham gia. Tuy nhi&ecirc;n danh t&iacute;nh của của người chơi lại được giữ k&iacute;n ho&agrave;n to&agrave;n.</p>\r\n\r\n<p>11. Linh vật kh&ocirc;ng ch&iacute;nh thức của Bitcoin l&agrave; một con lửng mật m&agrave;u cam.</p>\r\n\r\n<p><img alt=\"15 sự thật thú vị về đồng tiền ảo Bitcoin có thể bạn chưa biết - 3\" src=\"https://icdn.dantri.com.vn/2019/06/05/9827221-bbf-9-e-4996-aff-45-f-7-e-621-d-4-a-89-1559708128237.jpeg\" title=\"15 sự thật thú vị về đồng tiền ảo Bitcoin có thể bạn chưa biết - 3\" /></p>\r\n\r\n<p>Linh vật kh&ocirc;ng ch&iacute;nh thức của Bitcoin c&agrave;ng l&agrave;m tăng th&ecirc;m t&iacute;nh &ldquo;qu&aacute;i dị&rdquo; v&agrave; b&iacute; ẩn của đồng tiền n&agrave;y.</p>\r\n\r\n<p>12. Trường đại học đầu ti&ecirc;n chấp nhận Bitcoin như một đơn vị thanh to&aacute;n l&agrave; trường Nicosia, thuộc nước Cộng ho&agrave; S&iacute;p.</p>\r\n\r\n<p>13.&nbsp;M&aacute;y ATM d&ugrave;ng Bitcoin được sử dụng tại rất nhiều quốc gia, trong đ&oacute; c&oacute; cả Việt Nam, khiến cho c&aacute;c giao dịch trở n&ecirc;n dễ d&agrave;ng, thuận tiện.</p>\r\n\r\n<p><img alt=\"15 sự thật thú vị về đồng tiền ảo Bitcoin có thể bạn chưa biết - 4\" src=\"https://icdn.dantri.com.vn/2019/06/05/24-f-17-cc-50-eb-149-fba-078958-f-18-cfca-09-1559708239052.jpeg\" title=\"15 sự thật thú vị về đồng tiền ảo Bitcoin có thể bạn chưa biết - 4\" /></p>\r\n\r\n<p>14. Bitcoin kh&ocirc;ng bị đ&aacute;nh thuế ở Thuỵ Sĩ, trong khi đ&oacute; lại được coi l&agrave; đồng tiền bất hợp ph&aacute;p ở M&ocirc;ng Cổ, Ả Rập Saudi, Băng-la-đ&eacute;t, Nepal, Ma-rốc, Ecuador. Tại Việt Nam, khai th&aacute;c v&agrave; giao dịch Bitcoin cũng được xem l&agrave; kh&ocirc;ng nằm trong ph&aacute;p luật.</p>\r\n\r\n<p>15. Bất chấp nhiều b&iacute; ẩn v&agrave; c&aacute;c hoạt động tội phạm đằng sau Bitcoin, nhưng n&oacute; được xem một hệ thống giao dịch tiền điện tử ti&ecirc;n tiến, ổn định, v&agrave; định h&igrave;nh cho c&aacute;c xu thế trong tương lai.</p>\r\n\r\n<p><strong>Nguyễn Nguyễn</strong></p>\r\n', 1, '1565099862_cat-img-13.jpg', 20490000),
(2, 'iPhone 7 Plus 32GB', 3, '<p>Trong th&aacute;ng 5 năm nay, thị trường thiết bị cho nh&agrave; th&ocirc;ng minh bỗng dưng s&ocirc;i động khi Google Assistant bất ngờ được hỗ trợ tiếng Việt tại Việt Nam. Việc Google mang&nbsp;Assistant tiếng Việt về Việt Nam d&agrave;nh cho smartphone khiến cho nhiều người kỳ vọng n&oacute; sẽ c&oacute; mặt sớm tr&ecirc;n c&aacute;c thiết bị Google Home để gi&uacute;p điều khiển căn nh&agrave; bằng tiếng mẹ đẻ.&nbsp;</p>\r\n', '<p>Thậm ch&iacute;, trong th&aacute;ng 5 vừa qua c&oacute; nhiều người d&ugrave;ng Google Home cũng đăng tải một số clip về việc thiết bị của họ bất ngờ c&oacute; tiếng Việt nhưng chỉ v&agrave;i c&acirc;u th&ocirc;ng dụng. Điều n&agrave;y c&agrave;ng dấy l&ecirc;n niềm tin rằng, Google Home sẽ nhận được bản cập nhật Assistant tiếng Việt rất sớm.&nbsp;</p>\r\n\r\n<p><img alt=\"Thiết bị nhà thông minh Google Home lại giảm giá chờ đợi trợ lý tiếng Việt - 1\" src=\"https://icdn.dantri.com.vn/thumb_w/640/2019/05/06/google-home-mini-1557118615282.jpg\" title=\"Thiết bị nhà thông minh Google Home lại giảm giá chờ đợi trợ lý tiếng Việt - 1\" /></p>\r\n\r\n<p>Một hệ thống kinh doanh thiết bị nh&agrave; th&ocirc;ng minh cho biết, gần đ&acirc;y c&aacute;c thiết bị Google Home bất ngờ b&aacute;n kh&aacute; chạy, đặc biệt l&agrave; Google Home mini c&oacute; gi&aacute; v&agrave;o khoảng 1,1 triệu đồng. Tuy nhi&ecirc;n, đến thời điểm n&agrave;y, gi&aacute; Google Home mini đang sụt giảm mạnh.</p>\r\n\r\n<p>Cụ thể, gi&aacute; b&aacute;n Google Home mini hiện ch&agrave;o b&aacute;n ở mức 900 ng&agrave;n đến 1 triệu đồng. Thậm ch&iacute; c&oacute; cửa h&agrave;ng chỉ b&aacute;n ở mức 850 ng&agrave;n đồng. Tức mức giảm dao động từ 200-300 ng&agrave;n đồng.&nbsp;</p>\r\n\r\n<p>Ri&ecirc;ng phi&ecirc;n bản Google Home Hub, nhiều hệ thống đang xả h&agrave;ng từ mức 5,5 triệu đồng, hiện chỉ c&ograve;n 3,5 triệu đồng v&agrave; c&oacute; cửa h&agrave;ng chỉ b&aacute;n ở mức 3 triệu đồng.&nbsp;</p>\r\n\r\n<p>L&yacute; giải cho việc giảm gi&aacute; mạnh, đại diện hệ thống tr&ecirc;n cho biết, t&iacute;nh năng trợ l&yacute; ảo bằng giọng n&oacute;i tiếng Việt của Google vẫn chưa được ph&aacute;t h&agrave;nh, k&eacute;o theo sức mua giảm v&agrave; dần người d&ugrave;ng kh&ocirc;ng c&ograve;n quan t&acirc;m nhiều thiết bị n&agrave;y. Đặc biệt nhiều hệ thống nhập h&agrave;ng về qu&aacute; nhiều v&igrave; nghĩ rằng sắp c&oacute; tiếng Việt n&ecirc;n phải giảm gi&aacute; xả h&agrave;ng, lấy tiền mua nguồn h&agrave;ng kh&aacute;c.&nbsp;</p>\r\n\r\n<p>Hiện tại Google chưa c&ocirc;ng bố lộ tr&igrave;nh ph&aacute;t trợ l&yacute; ảo tiếng Việt cho nền tảng Google Home.&nbsp;Tuy nhi&ecirc;n, c&aacute;c nguồn tin cho rằng, qu&yacute; III mới l&agrave; thời điểm sẵn s&agrave;ng cho t&iacute;nh năng n&agrave;y tại Việt Nam. &quot;Thị trường thiết bị th&ocirc;ng minh sẽ ph&aacute;t triển nhanh trở lại khi Google Home được hỗ trợ tiếng Việt&quot;, đại diện hệ thống tr&ecirc;n chia sẻ.&nbsp;</p>\r\n\r\n<p>Trước đ&oacute;,&nbsp;Google đ&atilde; cho ra mắt Google Assistant hỗ trợ tiếng Việt tại Việt Nam. T&iacute;nh năng n&agrave;y chỉ d&agrave;nh cho c&aacute;c thiết bị di động Android v&agrave; iOS, cho ph&eacute;p người d&ugrave;ng ra lệnh bằng giọng n&oacute;i để thực hiện c&aacute;c t&aacute;c vụ như gọi điện, nhắc lịch, b&aacute;o thức hay hỏi đ&aacute;p c&aacute;c th&ocirc;ng tin bằng ch&iacute;nh tiếng mẹ đẻ.</p>\r\n\r\n<p><strong>Gia Hưng</strong></p>\r\n', 1, '1565099855_cat-img-12.jpg', 12990000),
(3, 'iPhone 6s Plus 32GB', 3, '<p>(D&acirc;n tr&iacute;)&nbsp;- Th&ocirc;ng tin chi tiết về cấu h&igrave;nh của Galaxy Note10 vừa bị r&ograve; rỉ, cho thấy sản phẩm sẽ c&oacute; đến 4 phi&ecirc;n bản kh&aacute;c nhau, trong đ&oacute; phi&ecirc;n bản cao cấp nhất sẽ sở hữu bộ nhớ RAM l&ecirc;n đến 12GB.</p>\r\n', '<p>Samsung vẫn c&oacute; th&oacute;i quen n&acirc;ng cấp cấu h&igrave;nh cho c&aacute;c mẫu smartphone cao cấp của m&igrave;nh, do vậy kh&ocirc;ng qu&aacute; ngạc nhi&ecirc;n khi chiếc smartphone Galaxy Note10 sắp ra mắt của h&atilde;ng cũng sẽ được trang bị một cấu h&igrave;nh mạnh mẽ.</p>\r\n\r\n<p>Theo th&ocirc;ng tin vừa bị r&ograve; rỉ tr&ecirc;n Geekbench, ứng dụng chuy&ecirc;n được sử dụng để chấm điểm hiệu suất hoạt động của smartphone chạy Andorid th&igrave; Samsung vừa sử dụng Geekbench để chấm điểm một mẫu smartphone mới của h&atilde;ng, m&agrave; nhiều khả năng đ&acirc;y ch&iacute;nh l&agrave; Galaxy Note10.</p>\r\n\r\n<p>Th&ocirc;ng tin từ Geekbench cho thấy Galaxy Note10 sẽ c&oacute; đến 4 phi&ecirc;n bản kh&aacute;c nhau, mang t&ecirc;n m&atilde; lần lượt SM-N970, SM-N971, SM-N975 v&agrave; SM-N976. Theo trang c&ocirc;ng nghệ&nbsp;<em>SamMobile</em>, dẫn lời c&aacute;c nguồn tin th&acirc;n cận từ Samsung th&igrave; bộ đ&ocirc;i SM-N971 v&agrave; SM-N976 l&agrave; t&ecirc;n m&atilde; cho 2 phi&ecirc;n bản cao cấp Galaxy Note10+ (hoặc Galaxy Note10 Pro), trong khi đ&oacute; 2 sản phẩm mang t&ecirc;n m&atilde; SM-N970 v&agrave; SM-N975 sẽ l&agrave; t&ecirc;n m&atilde; cho 2 phi&ecirc;n bản Galaxy Note10. Trong đ&oacute; sẽ c&oacute; 2 phi&ecirc;n bản sử dụng chip Snapdragon của Qualcomm (d&agrave;nh cho thị trường Mỹ) v&agrave; 2 phi&ecirc;n bản sử dụng chip Exynos do Samsung ph&aacute;t triển (d&agrave;nh cho c&aacute;c thị trường kh&aacute;c).</p>\r\n\r\n<p><img alt=\"Lộ cấu hình chi tiết Galaxy Note10, sở hữu bộ nhớ RAM lên đến 12GB - 1\" src=\"https://icdn.dantri.com.vn/thumb_w/640/2019/06/05/galaxy-note-101-1559704203883.jpg\" title=\"Lộ cấu hình chi tiết Galaxy Note10, sở hữu bộ nhớ RAM lên đến 12GB - 1\" /></p>\r\n\r\n<p>Th&ocirc;ng tin cấu h&igrave;nh phi&ecirc;n bản SM-N976V với bộ nhớ RAM 12GB</p>\r\n\r\n<p>Từ th&ocirc;ng tin tr&ecirc;n ứng dụng Geekbench cho thấy phi&ecirc;n bản mang t&ecirc;n m&atilde; SM-N976V sẽ được trang bị bộ nhớ RAM l&ecirc;n đến 12GB, k&egrave;m theo bộ vi xử l&yacute; 8 l&otilde;i của Qualcomm, m&agrave; nhiều khả năng sẽ l&agrave; phi&ecirc;n bản Snapdragon 855 cao cấp nhất của Qualcomm. Điểm hiệu suất của vi xử l&yacute; tr&ecirc;n phi&ecirc;n bản n&agrave;y cũng vượt trội so với c&aacute;c mẫu smartphone kh&aacute;c hiện nay tr&ecirc;n thị trường như Galaxy S10+, Huawei Mate 20 Pro...</p>\r\n\r\n<p>B&ecirc;n cạnh đ&oacute;, phi&ecirc;n bản kh&aacute;c mang t&ecirc;n m&atilde; SM-N976B lại được trang bị bộ nhớ RAM &ldquo;chỉ&rdquo; 8GB, đi k&egrave;m bộ vi xử l&yacute; nhiều khả năng l&agrave; Exynos 9825 với 8 l&otilde;i. Điểm hiệu suất của bộ vi xử l&yacute; n&agrave;y kh&ocirc;ng thực sự ấn tượng v&agrave; thua k&eacute;m kh&aacute; nhiều so với phi&ecirc;n bản mang t&ecirc;n m&atilde; SM-N976V.</p>\r\n\r\n<p><img alt=\"Lộ cấu hình chi tiết Galaxy Note10, sở hữu bộ nhớ RAM lên đến 12GB - 2\" src=\"https://icdn.dantri.com.vn/thumb_w/640/2019/06/05/galaxy-note-102-1559704203954.jpg\" title=\"Lộ cấu hình chi tiết Galaxy Note10, sở hữu bộ nhớ RAM lên đến 12GB - 2\" /></p>\r\n\r\n<p>Phi&ecirc;n bản mang t&ecirc;n m&atilde; SM-N976B sở hữu bộ nhớ RAM 8GB</p>\r\n\r\n<p>Trước đ&oacute;, tờ b&aacute;o&nbsp;<em>TheBell</em>&nbsp;(H&agrave;n Quốc), dẫn lời nguồn tin từ một đối t&aacute;c lắp r&aacute;p sản phẩm cho Samsung, tiết lộ Galaxy Note10 sẽ l&agrave; phi&ecirc;n bản Galaxy Note đầu ti&ecirc;n m&agrave; Samsung cho ra mắt đến 2 biến thể kh&aacute;c nhau, với t&ecirc;n gọi lần lượt l&agrave; Galaxy Note10 v&agrave; Galaxy Note10+ (tương tự như t&ecirc;n gọi của d&ograve;ng Galaxy S).</p>\r\n\r\n<p>Samsung thường vẫn chỉ ra mắt một phi&ecirc;n bản Galaxy Note với t&ugrave;y chọn kh&aacute;c nhau về bộ nhớ RAM v&agrave; bộ nhớ lưu trữ, tuy nhi&ecirc;n với Galaxy Note10 sẽ l&agrave; 2 phi&ecirc;n bản kh&aacute;c biệt về t&ecirc;n gọi, cấu h&igrave;nh cũng như k&iacute;ch thước.</p>\r\n\r\n<p>Nguồn tin kể tr&ecirc;n cho biết sự kh&aacute;c biệt lớn nhất giữa 2 phi&ecirc;n bản n&agrave;y đ&oacute; l&agrave; Galaxy Note10 sẽ sở hữu m&agrave;n h&igrave;nh 6,4-inch, c&ograve;n phi&ecirc;n bản Galaxy Note10+ sẽ c&oacute; k&iacute;ch thước lớn hơn với m&agrave;n h&igrave;nh 6,7-inch. Cấu h&igrave;nh b&ecirc;n trong của 2 sản phẩm cũng c&oacute; sự kh&aacute;c biệt khi Galaxy Note10 nhiều khả năng sẽ được trang bị chip xử l&yacute; Exynos 9820 (tương tự như tr&ecirc;n Galaxy S10), nhưng phi&ecirc;n bản Galaxy Note10+ sẽ sở hữu chip xử l&yacute; Exynos 9825, l&agrave; phi&ecirc;n bản biến thể của Exynos 9820 cho hiệu suất nhỉnh hơn v&agrave; tiết kiệm năng lượng hơn.</p>\r\n\r\n<p>Nếu vẫn giữ truyền thống ra mắt như c&aacute;c phi&ecirc;n bản Galaxy Note gần đ&acirc;y th&igrave; Samsung sẽ giới thiệu chiếc smartphone cao cấp thế hệ mới của m&igrave;nh v&agrave;o th&aacute;ng 8 tới đ&acirc;y.</p>\r\n\r\n<p><strong>T.Thủy</strong></p>\r\n', 1, '1565099849_cat-img-11.jpg', 8490000),
(4, 'Samsung Galaxy A50 64GB', 3, '<p>(D&acirc;n tr&iacute;)&nbsp;- Apple đ&atilde; giới thiệu m&agrave;n h&igrave;nh m&aacute;y t&iacute;nh Pro Display XDR tại Hội nghị C&aacute;c nh&agrave; ph&aacute;t triển Thế giới (WWDC) đang diễn ra, với mức gi&aacute; b&aacute;n l&ecirc;n đến 5.000USD, c&ugrave;ng những t&iacute;nh năng nổi bật. Tuy nhi&ecirc;n, điểm đ&aacute;ng ch&uacute; &yacute; nhất của m&agrave;n h&igrave;nh n&agrave;y đ&oacute; l&agrave; kh&ocirc;ng c&oacute; sẵn... ch&acirc;n đế v&agrave; muốn sử dụng, người d&ugrave;ng sẽ phải mua th&ecirc;m gi&aacute; đỡ cho sản phẩm với gi&aacute; 999USD.</p>\r\n', '<p>Tại WWDC đang diễn ra, CEO Tim Cook của Apple đ&atilde; giới thiệu chiếc m&aacute;y t&iacute;nh Mac Pro thế hệ mới nhất của Apple, với cấu h&igrave;nh cực &ldquo;khủng&rdquo;, bao gồm bộ xử l&yacute; Intel Xeon thế hệ mới c&oacute; tới 28 l&otilde;i, bộ nhớ RAM l&ecirc;n đến 1,5TB c&ugrave;ng c&ocirc;ng suất l&ecirc;n tới 300W v&agrave; sở hữu hệ thống tản nhiệt c&ocirc;ng nghiệp mạnh mẽ. Điều n&agrave;y cho ph&eacute;p n&oacute; c&oacute; thể chạy kh&ocirc;ng giới hạn ở c&ocirc;ng suất tối đa trong mọi l&uacute;c.</p>\r\n\r\n<p>Dĩ nhi&ecirc;n, đi k&egrave;m cấu h&igrave;nh mạnh mẽ n&agrave;y l&agrave; một mức gi&aacute; kh&ocirc;ng hề rẻ ch&uacute;t n&agrave;o, khi Mac Pro c&oacute; mức gi&aacute; l&ecirc;n đến 5.999USD (140,3 triệu đồng).</p>\r\n\r\n<p><img alt=\"Bỏ ra 5.000 USD để mua màn hình máy tính Apple nhưng vẫn chưa đủ - 1\" src=\"https://icdn.dantri.com.vn/thumb_w/640/2019/06/05/pro-standav-1559707307402.jpg\" title=\"Bỏ ra 5.000 USD để mua màn hình máy tính Apple nhưng vẫn chưa đủ - 1\" /></p>\r\n\r\n<p>M&agrave;n h&igrave;nh m&aacute;y t&iacute;nh Pro Display XDR c&oacute; gi&aacute; 4.999USD, chưa bao gồm gi&aacute; ch&acirc;n đế</p>\r\n\r\n<p>Mức gi&aacute; 5.999USD chỉ l&agrave; mức gi&aacute; chiếc m&aacute;y t&iacute;nh Mac Pro, nghĩa l&agrave; muốn sử dụng sản phẩm, người d&ugrave;ng cần phải mua th&ecirc;m m&agrave;n h&igrave;nh cho chiếc m&aacute;y t&iacute;nh n&agrave;y. V&agrave; Apple cũng đ&atilde; giới thiệu th&ecirc;m m&agrave;n h&igrave;nh đi k&egrave;m với t&ecirc;n gọi Pro Display XDR. Sản phẩm c&oacute; k&iacute;ch thước 32-inch, độ ph&acirc;n giải 6K, hỗ trợ dải m&agrave;u 10-bit thực sự, độ s&aacute;ng cực đại 1.600 nit, tỷ lệ tương phản 1.000.000:1, g&oacute;c nh&igrave;n si&ecirc;u rộng... Sản phẩm cũng c&oacute; mức gi&aacute; b&aacute;n kh&ocirc;ng hề rẻ, l&ecirc;n đến 4.999USD (tương đương 116 triệu đồng).</p>\r\n\r\n<p><img alt=\"Bỏ ra 5.000 USD để mua màn hình máy tính Apple nhưng vẫn chưa đủ - 2\" src=\"https://icdn.dantri.com.vn/thumb_w/640/2019/06/05/pro-stand-1-1559707306443.jpg\" title=\"Bỏ ra 5.000 USD để mua màn hình máy tính Apple nhưng vẫn chưa đủ - 2\" /></p>\r\n\r\n<p>Phần ch&acirc;n đế d&agrave;nh cho m&agrave;n h&igrave;nh m&aacute;y t&iacute;nh của Apple được b&aacute;n ri&ecirc;ng với gi&aacute;... 999USD</p>\r\n\r\n<p>Tuy nhi&ecirc;n, điều đ&aacute;ng n&oacute;i l&agrave; m&agrave;n h&igrave;nh c&oacute; gi&aacute; cực &ldquo;ch&aacute;t&rdquo; n&agrave;y lại kh&ocirc;ng được b&aacute;n k&egrave;m... ch&acirc;n đế. Nghĩa l&agrave; muốn sử dụng sản phẩm, người d&ugrave;ng sẽ sử dụng... vật g&igrave; đ&oacute; để k&ecirc; m&agrave;n h&igrave;nh l&ecirc;n, hoặc phải bỏ ra để mua th&ecirc;m phụ kiện ch&acirc;n đế hoặc gi&aacute; treo cho m&agrave;n h&igrave;nh n&agrave;y được Apple b&aacute;n ri&ecirc;ng.</p>\r\n\r\n<p>Người d&ugrave;ng c&oacute; thể bỏ ra số tiền... 999USD (tương đương 23 triệu đồng) để mua phần ch&acirc;n đế c&oacute; t&ecirc;n Pro Stand cho m&agrave;n h&igrave;nh sản phẩm, hoặc số tiền 199USD (4,6 triệu đồng) để mua phần m&oacute;c treo c&oacute; t&ecirc;n VESA để gắn m&agrave;n h&igrave;nh l&ecirc;n tường hoặc gi&aacute; treo.</p>\r\n\r\n<p>Với phần ch&acirc;n đế Pro Stand, người d&ugrave;ng c&oacute; thể dễ d&agrave;ng điều chỉnh độ cao của m&agrave;n h&igrave;nh hoặc xoay m&agrave;n h&igrave;nh theo chiều dọc.</p>\r\n\r\n<p><img alt=\"Bỏ ra 5.000 USD để mua màn hình máy tính Apple nhưng vẫn chưa đủ - 3\" src=\"https://icdn.dantri.com.vn/thumb_w/640/2019/06/05/pro-stand-2-1559707313331.gif\" title=\"Bỏ ra 5.000 USD để mua màn hình máy tính Apple nhưng vẫn chưa đủ - 3\" /></p>\r\n\r\n<p>Phần ch&acirc;n đế n&agrave;y gi&uacute;p m&agrave;n h&igrave;nh của Apple c&oacute; thể xoay theo chiều dọc</p>\r\n\r\n<p>Dĩ nhi&ecirc;n số tiền 999USD cho một phần ch&acirc;n đế m&agrave;n h&igrave;nh l&agrave; số tiền kh&ocirc;ng hề nhỏ. Với số tiền n&agrave;y, người d&ugrave;ng vẫn ho&agrave;n to&agrave;n c&oacute; thể mua được một m&agrave;n h&igrave;nh m&aacute;y t&iacute;nh chất lượng cao đến từ những h&atilde;ng c&ocirc;ng nghệ kh&aacute;c. V&agrave; để sử c&oacute; thể sở hữu một chiếc m&aacute;y t&iacute;nh Mac Pro ho&agrave;n chỉnh (bao gồm cả m&aacute;y, m&agrave;n h&igrave;nh v&agrave;... ch&acirc;n đế), người d&ugrave;ng sẽ phải bỏ ra số tiền tổng cộng 11.997USD (chưa bao gồm thuế), một con số kh&ocirc;ng hề nhỏ cho một bộ m&aacute;y t&iacute;nh để b&agrave;n.</p>\r\n\r\n<p>Ngay sau khi giới thiệu ch&acirc;n đế Pro Stand với mức gi&aacute; &ldquo;đi&ecirc;n rồ&rdquo;, Apple đ&atilde; lập tức trở th&agrave;nh chủ đề ch&acirc;m biếm của giới c&ocirc;ng nghệ. Nhiều người đ&atilde; kh&ocirc;ng ngần ngại chỉ tr&iacute;ch Apple &ldquo;h&uacute;t m&aacute;u&rdquo; người d&ugrave;ng một c&aacute;ch th&aacute;i qu&aacute;, khi biến một vật dụng thường chừng như kh&ocirc;ng thể thiếu của một m&agrave;n h&igrave;nh m&aacute;y t&iacute;nh (phần ch&acirc;n đế) trở th&agrave;nh một thứ c&oacute; thể kiếm ra tiền.</p>\r\n\r\n<p>Volume 90%</p>\r\n\r\n<p>Ph&aacute;t</p>\r\n\r\n<p>&nbsp;</p>\r\n\r\n<p>&nbsp;</p>\r\n\r\n<p>Video giới thiệu về Mac Pro, m&agrave;n h&igrave;nh Pro Display XDR v&agrave; ch&acirc;n đế Pro Stand của Apple</p>\r\n\r\n<p><strong>T.Thủy</strong></p>\r\n', 1, '1565099843_cat-img-10.jpg', 6490000),
(5, 'iPhone Xs Max 64GB', 2, '<p>(D&acirc;n tr&iacute;)&nbsp;- Th&aacute;ng 6 cũng kh&aacute; s&ocirc;i động cho thị trường di động trong nước với sự xuất hiện của một số mẫu sản phẩm mới cũng như việc điều chỉnh gi&aacute; b&aacute;n của c&aacute;c sản phẩm cũ trước đ&oacute;.</p>\r\n', '<p><strong>Samsung Galaxy A9 2018</strong></p>\r\n\r\n<p><em>Gi&aacute;: 9,5 triệu đồng</em></p>\r\n\r\n<p><em>Đ&atilde; giảm: 3 triệu đồng</em></p>\r\n\r\n<p><img alt=\"Loạt smartphone giảm giá đáng chú ý đầu tháng 6/2019 - 1\" src=\"https://icdn.dantri.com.vn/thumb_w/640/2019/06/05/loat-thiet-bi-giam-gia-dang-chu-y-dau-thang-6-docx-1559697813651.jpeg\" title=\"Loạt smartphone giảm giá đáng chú ý đầu tháng 6/2019 - 1\" /></p>\r\n\r\n<p>Mẫu smartphone đầu ti&ecirc;n tr&ecirc;n thế giới sở hữu hệ thống 4 camera ở mặt sau lưng của Samsung đ&atilde; c&oacute; mức giảm kh&aacute; tốt ngay đầu th&aacute;ng 6 về mức 9,5 triệu đồng.&nbsp;</p>\r\n\r\n<p>Điểm nhấn của Galaxy A9 đ&oacute; l&agrave;&nbsp;bốn ống k&iacute;nh ở cụm camera sau với lần lượt một camera ch&iacute;nh độ ph&acirc;n giải 24 MP, tự động lấy n&eacute;t v&agrave; khẩu độ lớn f/1.7.&nbsp;Ống k&iacute;nh thứ hai l&agrave; ống tele với khả năng&nbsp;zoom quang học x2.&nbsp;Ống thứ 3 c&oacute; độ ph&acirc;n giải 8 MP, khẩu độ F/2.4 cũng kh&ocirc;ng k&eacute;m phần hấp dẫn v&agrave; h&atilde;ng gọi n&oacute; l&agrave; camera si&ecirc;u rộng (Ultra Wide), c&oacute; g&oacute;c rộng như mắt người nh&igrave;n l&ecirc;n đến 120 độ.</p>\r\n\r\n<p>V&agrave; camera cuối c&ugrave;ng l&agrave; camera depth độ ph&acirc;n giải 5 MP, khẩu độ f/2.2,&nbsp;cho ph&eacute;p tự do t&ugrave;y chỉnh độ s&acirc;u trường ảnh v&agrave; lấy n&eacute;t tr&ecirc;n vật thể để cho ra những bức ảnh x&oacute;a ph&ocirc;ng.</p>\r\n\r\n<p><strong>Oppo R17 Pro</strong></p>\r\n\r\n<p><em>Gi&aacute;: 13,9 triệu đồng&nbsp;</em></p>\r\n\r\n<p><img alt=\"Loạt smartphone giảm giá đáng chú ý đầu tháng 6/2019 - 2\" src=\"https://icdn.dantri.com.vn/thumb_w/640/2019/06/05/loat-thiet-bi-giam-gia-dang-chu-y-dau-thang-6-docx-1559697813816.jpeg\" title=\"Loạt smartphone giảm giá đáng chú ý đầu tháng 6/2019 - 2\" /></p>\r\n\r\n<p>Với mức giảm 3 triệu đồng, đ&acirc;y l&agrave; sản phẩm đ&aacute;ng mua khi người d&ugrave;ng cần một chiếc m&aacute;y ảnh di động để chụp ảnh.&nbsp;&nbsp;</p>\r\n\r\n<p>D&ograve;ng sản phẩm n&agrave;y tạo điểm nhấn với hệ thống&nbsp;camera ch&iacute;nh 20 MP khẩu f/2.6 đảm nhận chức năng x&oacute;a ph&ocirc;ng, camera phụ 12 MP v&agrave; một camera phụ kh&aacute;c 12 MP với khẩu độ c&oacute; thể tự động điều chỉnh trong khoảng f/1.5 - f/2.4; cho ph&eacute;p chụp ảnh thiếu s&aacute;ng tốt hơn đ&aacute;ng kể.&nbsp;</p>\r\n\r\n<p>Hệ thống camera n&agrave;y c&ograve;n c&oacute; th&ecirc;m chống rung quang học OIS, chống l&agrave; mờ, nh&ograve;e ảnh v&agrave; cho khả năng phơi s&aacute;ng l&acirc;u hơn.&nbsp;</p>\r\n\r\n<p>Camera trước của m&aacute;y độ ph&acirc;n giải kh&aacute; cao 25MP, trang bị cảm biến Sony IMX576, khẩu độ f/2.0 v&agrave; hỗ trợ t&iacute;nh năng HDR thời gian thực (real-time HDR).</p>\r\n\r\n<p>Ngo&agrave;i ra, Oppo R17 c&ograve;n g&acirc;y ch&uacute; &yacute; với sạc si&ecirc;u nhanh SuperVOOC, c&oacute; thể sạc 10 ph&uacute;t c&oacute; ngay 40% pin.&nbsp;</p>\r\n\r\n<p><strong>iPhone XR 64 GB</strong></p>\r\n\r\n<p><em>Gi&aacute;: 17,9 triệu đồng</em></p>\r\n\r\n<p><em>Đ&atilde; giảm: 2 triệu đồng</em></p>\r\n\r\n<p><img alt=\"Loạt smartphone giảm giá đáng chú ý đầu tháng 6/2019 - 3\" src=\"https://icdn.dantri.com.vn/thumb_w/640/2019/06/05/loat-thiet-bi-giam-gia-dang-chu-y-dau-thang-6-docx-1559697813946.jpeg\" title=\"Loạt smartphone giảm giá đáng chú ý đầu tháng 6/2019 - 3\" /></p>\r\n\r\n<p>Sau khi giảm 3 triệu đồng, thế hệ iPhone mới nhất của Apple cũng giảm sốc th&ecirc;m 1 triệu đồng. Đ&acirc;y được xem l&agrave; lần giảm gi&aacute; chưa từng c&oacute; tiền lệ đối với c&aacute;c mẫu sản phẩm đến từ Apple.&nbsp;</p>\r\n\r\n<p>iPhone XR năm nay g&acirc;y ch&uacute; &yacute; với con chip&nbsp;A12 Bionic - bộ vi xử l&yacute; di động mạnh mẽ nhất hiện nay&nbsp;của Apple được x&acirc;y dựng tr&ecirc;n tiến tr&igrave;nh 7nm v&agrave; trang bị 6 l&otilde;i xử l&yacute;.&nbsp;iPhone XR cũng được ưu &aacute;i trang bị&nbsp;mở kh&oacute;a bằng gương mặt&nbsp;Face ID thế hệ mới với tốc độ phản hồi nhanh hơn so với iPhone X.&nbsp;</p>\r\n\r\n<p>Ngo&agrave;i ra, iPhone XR d&ugrave;ng m&agrave;n h&igrave;nh c&ocirc;ng nghệ LCD k&iacute;ch thước 6,1 inch,&nbsp;camera ch&iacute;nh m&aacute;y&nbsp;c&oacute; độ ph&acirc;n giải 12 MP với khẩu độ f/1.8, được trang bị cảm biến ho&agrave;n to&agrave;n mới, hỗ trợ chụp ảnh Smart HDR&hellip;</p>\r\n\r\n<p><strong>iPhone 8 Plus 64 GB</strong></p>\r\n\r\n<p><em>Gi&aacute;: 18,9 triệu đồng</em></p>\r\n\r\n<p><em>Đ&atilde; giảm: 1 triệu đồng</em></p>\r\n\r\n<p><img alt=\"Loạt smartphone giảm giá đáng chú ý đầu tháng 6/2019 - 4\" src=\"https://icdn.dantri.com.vn/thumb_w/640/2019/06/05/loat-thiet-bi-giam-gia-dang-chu-y-dau-thang-6-docx-1559697814063.jpeg\" title=\"Loạt smartphone giảm giá đáng chú ý đầu tháng 6/2019 - 4\" /></p>\r\n\r\n<p>Mẫu iPhone 8 Plus cũng c&oacute; mức giảm 1 triệu đồng trong thời điểm sức mua đang sụt giảm kh&aacute; mạnh ở Việt Nam.&nbsp;</p>\r\n\r\n<p>Thế hệ iPhone n&agrave;y d&ugrave;ng bộ vi xử l&yacute; A11 Bionic ho&agrave;n to&agrave;n mới,&nbsp;nhanh hơn 25% so với l&otilde;i xử l&yacute; hiệu suất tr&ecirc;n A10 trước đ&acirc;y v&agrave; 4 l&otilde;i hiệu suất thấp sẽ nhanh hơn 70% so với c&aacute;c l&otilde;i xử l&yacute; hiệu suất thấp của A10.</p>\r\n\r\n<p>Ngo&agrave;i ra,&nbsp;Apple trang bị t&iacute;nh năng sạc kh&ocirc;ng d&acirc;y tương th&iacute;ch chuẩn Qi tr&ecirc;n mẫu sản phẩm n&agrave;y, c&oacute; khả năng sạc đầy 50% dung lượng pin chỉ với 30 ph&uacute;t.</p>\r\n\r\n<p><strong>Gia Hưng</strong></p>\r\n', 1, '1565099834_cat-img-8.jpg', 27990000),
(6, 'iPhone 8 Plus 64GB', 2, '<p>(D&acirc;n tr&iacute;)&nbsp;- H&atilde;ng bảo mật Trend Micro đ&aacute;nh gi&aacute; Việt Nam vẫn thuộc nh&oacute;m đứng đầu Đ&ocirc;ng Nam &Aacute; về mức độ bị tấn c&ocirc;ng m&atilde; độc, d&ugrave; ch&iacute;nh phủ v&agrave; c&aacute;c tập đo&agrave;n lớn đ&atilde; quan t&acirc;m nhiều hơn đến lĩnh vực n&agrave;y trong một v&agrave;i năm trở lại đ&acirc;y.</p>\r\n', '<p><strong>Thực trạng bảo mật tại Việt Nam</strong></p>\r\n\r\n<p><img alt=\"Việt Nam thuộc nhóm đứng đầu Đông Nam Á về mức độ bị tấn công mã độc - 1\" src=\"https://icdn.dantri.com.vn/thumb_w/640/2019/06/04/trendmicro-1559643142426.jpg\" title=\"Việt Nam thuộc nhóm đứng đầu Đông Nam Á về mức độ bị tấn công mã độc - 1\" /></p>\r\n\r\n<p>Việt Nam đứng đầu trong khu vực về mức độ nguy hiểm của c&aacute;c cuộc tấn c&ocirc;ng m&atilde; độc.</p>\r\n\r\n<p>Theo thống k&ecirc; của Trend Micro, trong Qu&yacute; I/2019, Việt Nam đứng trong số những nước bị tấn c&ocirc;ng bởi nhiều mối đe dọa bảo mật h&agrave;ng đầu của Đ&ocirc;ng Nam &Aacute; bao gồm m&atilde; độc tống tiền (ransomware), m&atilde; độc ng&acirc;n h&agrave;ng (banking malware), m&atilde; độc macro (macro malware), v&agrave; mối đe dọa email.</p>\r\n\r\n<p>Cụ thể, đối với loại h&igrave;nh m&atilde; độc tống tiền v&agrave; m&atilde; độc macro, Việt Nam đứng đầu trong khu vực về mức độ nguy hiểm của c&aacute;c cuộc tấn c&ocirc;ng. Về nguy cơ từ email, Việt Nam đứng thứ 2 - chỉ sau Indonesia, v&agrave; m&atilde; độc ng&acirc;n h&agrave;ng đứng ở vị tr&iacute; thứ 3.</p>\r\n\r\n<p>Trong đ&oacute;, khối ng&acirc;n h&agrave;ng Việt Nam tiếp tục l&agrave; mục ti&ecirc;u tấn c&ocirc;ng của tội phạm c&ocirc;ng nghệ th&ocirc;ng tin. Quỹ tiền tệ thế giới ước t&iacute;nh, thiệt hại t&agrave;i ch&iacute;nh do tấn c&ocirc;ng an ninh mạng g&acirc;y ra tr&ecirc;n to&agrave;n thế giới c&oacute; thể l&ecirc;n đến 100 triệu đ&ocirc; la, tương đương 9% thu nhập r&ograve;ng của ng&acirc;n h&agrave;ng.</p>\r\n\r\n<p>&quot;Kh&ocirc;ng thể xem nhẹ tầm quan trọng của việc nắm bắt t&igrave;nh h&igrave;nh bảo mật hiện tại,&quot; Jaruwan Nok, Gi&aacute;m đốc Trend Micro, cho biết. &quot;Những mối đe dọa an ninh mạng ng&agrave;y c&agrave;ng trở n&ecirc;n tinh vi hơn khiến c&aacute;c biện ph&aacute;p bảo vệ truyền th&ocirc;ng cũng kh&ocirc;ng đủ để đảm bảo an to&agrave;n&quot;.</p>\r\n\r\n<p><strong>97% m&atilde; độc tống tiền ở Việt Nam đến qua đường email</strong></p>\r\n\r\n<p><img alt=\"Việt Nam thuộc nhóm đứng đầu Đông Nam Á về mức độ bị tấn công mã độc - 2\" src=\"https://icdn.dantri.com.vn/thumb_w/640/2019/06/04/ong-dhanya-thakkar-pho-chu-tich-trend-micro-khu-vuc-amea-1559642942204.jpg\" title=\"Việt Nam thuộc nhóm đứng đầu Đông Nam Á về mức độ bị tấn công mã độc - 2\" /></p>\r\n\r\n<p>&Ocirc;ng Dhanya Thakkar - Ph&oacute; Chủ tịch Trend Micro khu vực AMEA.</p>\r\n\r\n<p>Theo Trend Micro, email tiếp tục l&agrave; lối v&agrave;o phổ biến nhất của tội phạm an ninh mạng. Dạng nguy cơ n&agrave;y đang ph&aacute;t triển v&agrave; ng&agrave;y c&agrave;ng tinh vi, với 97% m&atilde; độc tống tiền hiện nay đến qua đường email.</p>\r\n\r\n<p>Tuy nhi&ecirc;n, may mắn l&agrave; Trend Micro lại l&agrave; một trong những chuy&ecirc;n gia tốt nhất thuộc lĩnh vực n&agrave;y tr&ecirc;n thế giới, với việc được Forrester Research c&ocirc;ng nhận l&agrave; &ldquo;nh&agrave; ti&ecirc;n phong&rdquo; về bảo mật email trong năm 2019.</p>\r\n\r\n<p>Đ&aacute;nh gi&aacute; thực trạng bảo mật, an to&agrave;n th&ocirc;ng tin ở Việt Nam, &ocirc;ng Jaruwan Nok cho rằng trong những năm gần đ&acirc;y t&igrave;nh h&igrave;nh đ&atilde; được cải thiện hơn rất nhiều. Theo đ&oacute;, ch&iacute;nh phủ v&agrave; c&aacute;c tập đo&agrave;n lớn đ&atilde; bắt đầu quan t&acirc;m nhiều hơn tới lĩnh vực an ninh mạng. Tuy nhi&ecirc;n, vẫn c&ograve;n rất nhiều vấn đề cần phải lưu t&acirc;m.</p>\r\n\r\n<p><strong>Nguyễn Nguyễn</strong></p>\r\n', 0, '1565099828_cat-img-7.jpg', 16990000),
(7, 'Samsung Galaxy Note9 128GB', 2, '<p>(D&acirc;n tr&iacute;)&nbsp;- Huawei mới đ&acirc;y đ&atilde; phủ nhận ho&agrave;n to&agrave;n c&aacute;c th&ocirc;ng tin về việc cắt giảm d&acirc;y chuyền sản xuất điện thoại tại Foxconn - đơn vị lắp r&aacute;p ch&iacute;nh của c&ocirc;ng ty.</p>\r\n', '<p>&quot;Huawei b&aacute;c bỏ những tuy&ecirc;n bố n&agrave;y. Mức sản xuất to&agrave;n cầu của ch&uacute;ng t&ocirc;i l&agrave; b&igrave;nh thường, kh&ocirc;ng c&oacute; sự điều chỉnh đ&aacute;ng ch&uacute; &yacute; n&agrave;o theo cả hai hướng&quot;, một ph&aacute;t ng&ocirc;n vi&ecirc;n của c&ocirc;ng ty cho biết.</p>\r\n\r\n<p>Trước đ&oacute; &iacute;t ng&agrave;y, theo một b&aacute;o c&aacute;o từ SCMP, nh&agrave; m&aacute;y Foxconn được cho l&agrave; đ&atilde; ngừng một số d&acirc;y chuyền sản xuất của điện thoại Huawei do h&atilde;ng n&agrave;y cắt giảm bớt số lượng đơn đặt h&agrave;ng đối với d&ograve;ng điện thoại mới.</p>\r\n\r\n<p>Th&ocirc;ng tin Huawei thu hẹp quy m&ocirc; sản xuất khi đ&oacute; được hiểu như một hệ quả tất yếu, sau khi c&ocirc;ng ty bị ch&iacute;nh phủ Mỹ đưa v&agrave;o &quot;danh s&aacute;ch đen&quot; - khiến nhiều đối t&aacute;c cung cấp linh kiện v&agrave; phần mềm ngưng cấp ph&eacute;p, hỗ trợ.</p>\r\n\r\n<p>Trong đ&oacute;, thiệt hại lớn nhất nhất đối với điện thoại Huawei đ&oacute; l&agrave; Google ngừng hỗ trợ cập nhật hệ điều h&agrave;nh Android, v&agrave; c&ocirc;ng ty ARM ngừng cung cấp kiến tr&uacute;c chip để Huawei sản xuất vi xử l&yacute; Kirin.</p>\r\n\r\n<p><img alt=\"Huawei phản bác tin đồn cắt giảm sản xuất điện thoại thông minh - 2\" src=\"https://icdn.dantri.com.vn/thumb_w/640/2019/06/01/hw-1559354345843.jpg\" title=\"Huawei phản bác tin đồn cắt giảm sản xuất điện thoại thông minh - 2\" /></p>\r\n\r\n<p>Trước đ&oacute;, Huawei đ&atilde; duy tr&igrave; vị tr&iacute; số 2 to&agrave;n cầu về doanh số điện thoại th&ocirc;ng minh trong qu&yacute; đầu ti&ecirc;n của năm c&ugrave;ng đ&agrave; tăng trưởng thần kỳ, đạt 50,3% so với c&ugrave;ng kỳ năm ngo&aacute;i, với 59,1 triệu thiết bị, v&agrave; chiến 19% thị phần. Sự tăng trưởng của Huawei thậm ch&iacute; đe dọa lu&ocirc;n vị tr&iacute; dẫn đầu của Samsung d&ugrave; h&atilde;ng n&agrave;y &quot;độc chiếm&quot; trong nhiều năm, với mức ch&ecirc;nh lệch kh&ocirc;ng qu&aacute; lớn.</p>\r\n\r\n<p>Dẫu phản b&aacute;c th&ocirc;ng tin cắt giảm sản xuất điện thoại th&ocirc;ng minh, song Huawei kh&ocirc;ng thể phủ nhận những kh&oacute; khăn đang phải đối mặt. Đặc biệt l&agrave; niềm tin của người ti&ecirc;u d&ugrave;ng quốc tế đối với điện thoại th&ocirc;ng minh của Huawei đang bị sứt mẻ nghi&ecirc;m trọng.</p>\r\n\r\n<p>Tại c&aacute;c diễn đ&agrave;n rao vặt, trao đổi online, điện thoại Huawei vẫn tiếp tục được giao b&aacute;n nhiều với mức gi&aacute; giảm s&acirc;u. Hiện tại, một chiếc Huawei P30 Pro d&ugrave; vừa qua sử dụng &iacute;t ng&agrave;y, nhưng gi&aacute; đ&atilde; giảm xuống dưới 13 triệu đồng (gi&aacute; b&aacute;n tại cửa h&agrave;ng l&agrave; 23 triệu). Trong khi đ&oacute;, d&ograve;ng P20 Pro của năm ngo&aacute;i đ&atilde; giảm xuống dưới 6 triệu đồng.</p>\r\n\r\n<p>&quot;Khi vấn đề mới xuất hiện, vẫn c&ograve;n qu&aacute; sớm để n&oacute;i liệu ch&uacute;ng t&ocirc;i c&oacute; thể đạt được mục ti&ecirc;u hay kh&ocirc;ng&quot;, &ocirc;ng Zhao Ming, Chủ tịch một trong những chi nh&aacute;nh của Huawei khẳng định niềm tin của m&igrave;nh trong bối cảnh kh&oacute; khăn. &quot;Trở ngại chỉ khiến ch&uacute;ng t&ocirc;i mạnh mẽ hơn, bất kể trong t&acirc;m l&yacute; hay h&agrave;nh động&quot;.</p>\r\n\r\n<p><strong>Nguyễn Nguyễn</strong></p>\r\n', 0, '1565099822_cat-img-6.jpg', 19990000),
(8, 'Oppo F9', 2, '<p>(D&acirc;n tr&iacute;)&nbsp;- Đ&acirc;y l&agrave; những m&oacute;n đồ c&ocirc;ng nghệ mới kh&aacute; th&uacute; vị d&agrave;nh cho người d&ugrave;ng vừa được b&aacute;n ra thị trường Việt với mức gi&aacute; dưới 1 triệu đồng.</p>\r\n', '<p><strong>Ninestars DZT-10-29S</strong></p>\r\n\r\n<p><em>Gi&aacute;: 600 ng&agrave;n đồng</em>&nbsp;</p>\r\n\r\n<p><img alt=\"Những món đồ công nghệ độc đáo cho nhà thông minh giá dưới 1 triệu - 1\" src=\"https://icdn.dantri.com.vn/thumb_w/640/2019/06/04/nhung-mon-do-cong-nghe-doc-dao-cho-nha-thong-minh-gia-duoi-1-trieudocx-1559624761019.gif\" title=\"Những món đồ công nghệ độc đáo cho nhà thông minh giá dưới 1 triệu - 1\" /></p>\r\n\r\n<p>Đ&acirc;y l&agrave; mẫu th&ugrave;ng r&aacute;c th&ocirc;ng minh sở hữu cảm biến hồng ngoại để c&oacute; thể tự đ&oacute;ng hoặc mở khi ph&aacute;t hiện tay người d&ugrave;ng ở trong khoảng c&aacute;ch 30cm trở lại. Người d&ugrave;ng c&oacute; thể điều chỉnh khoảng c&aacute;ch từ 6 đến 30 cm để ra lệnh cho nắp th&ugrave;ng r&aacute;c mở v&agrave; bỏ r&aacute;c v&agrave;o dễ d&agrave;ng.&nbsp;</p>\r\n\r\n<p>Th&ugrave;ng r&aacute;c n&agrave;y c&oacute; dung t&iacute;ch tối đa 10 l&iacute;t, g&oacute;c mở tối đa 90 độ gi&uacute;p bỏ r&aacute;c v&agrave;o dễ d&agrave;ng m&agrave; kh&ocirc;ng cần phải sử dụng tay chạm v&agrave;o bề mặt nắp.&nbsp;</p>\r\n\r\n<p>Ngo&agrave;i ra th&ugrave;ng r&aacute;c n&agrave;y d&ugrave;ng pin 2A tiết kiệm năng lượng c&oacute; thể sử dụng li&ecirc;n tục trong v&ograve;ng 6 th&aacute;ng với mỗi ng&agrave;y mở nắp khoảng 20 lần.&nbsp;</p>\r\n\r\n<p><strong>M&aacute;y l&agrave;m kem YOULG&nbsp;</strong></p>\r\n\r\n<p><em>Gi&aacute;: 800 ng&agrave;n đồng&nbsp;</em></p>\r\n\r\n<p><img alt=\"Những món đồ công nghệ độc đáo cho nhà thông minh giá dưới 1 triệu - 2\" src=\"https://icdn.dantri.com.vn/thumb_w/640/2019/06/04/nhung-mon-do-cong-nghe-doc-dao-cho-nha-thong-minh-gia-duoi-1-trieudocx-1559624761609.jpeg\" title=\"Những món đồ công nghệ độc đáo cho nhà thông minh giá dưới 1 triệu - 2\" /></p>\r\n\r\n<p>Kem lạnh sẽ l&agrave; m&oacute;n ăn kho&aacute;i khẩu của nhiều người trong thời điểm nắng n&oacute;ng k&eacute;o d&agrave;i. Tuy nhi&ecirc;n, những vi&ecirc;n kem ở c&aacute;c cửa h&agrave;ng lại chứa chất phụ gia khiến nhiều người kh&ocirc;ng tự tin sử dụng. V&igrave; vậy, một thiết bị l&agrave;m kem nhỏ gọn sẽ l&agrave; m&oacute;n h&agrave;ng đ&aacute;ng gi&aacute; gi&uacute;p người d&ugrave;ng c&oacute; thể l&agrave;m những vi&ecirc;n kem an to&agrave;n cho gia đ&igrave;nh.&nbsp;</p>\r\n\r\n<p>M&aacute;y l&agrave;m kem YOULG c&oacute; thiết kế kh&aacute; nhỏ gọn v&agrave; nặng chỉ 2,3 kg. H&atilde;ng n&agrave;y t&iacute;ch hợp dung t&iacute;ch chứa 800ml, c&ocirc;ng suất 12W để c&oacute; thể l&agrave;m kem cho 2-3 người ăn. Việc của người d&ugrave;ng chỉ l&agrave; chuẩn bị c&aacute;c nguy&ecirc;n liệu l&agrave;m kem v&agrave; m&aacute;y sẽ tự động l&agrave;m ra kem trong v&ograve;ng &nbsp;24 tiếng.&nbsp;</p>\r\n\r\n<p><strong>Pinlo PL &ndash; B007W2W</strong></p>\r\n\r\n<p><em>Gi&aacute;: 650 ng&agrave;n đồng</em></p>\r\n\r\n<p><img alt=\"Những món đồ công nghệ độc đáo cho nhà thông minh giá dưới 1 triệu - 3\" src=\"https://icdn.dantri.com.vn/thumb_w/640/2019/06/04/nhung-mon-do-cong-nghe-doc-dao-cho-nha-thong-minh-gia-duoi-1-trieudocx-1559624761725.jpeg\" title=\"Những món đồ công nghệ độc đáo cho nhà thông minh giá dưới 1 triệu - 3\" /></p>\r\n\r\n<p>Một chiếc m&aacute;y xay sinh tố cầm tay c&oacute; thể sử dụng bất cứ l&uacute;c n&agrave;o sẽ l&agrave; m&oacute;n h&agrave;ng th&uacute; vị cho người d&ugrave;ng ở mọi l&uacute;c mọi nơi. Thiết kế của mẫu Pinlo PL &ndash; B007W2W kh&aacute; nhỏ gọn, dung t&iacute;ch chứa của b&igrave;nh l&agrave; 350ml, c&oacute; thể l&agrave;m ra một ly sinh tố ngon l&agrave;nh cho một người.&nbsp;</p>\r\n\r\n<p>Mẫu m&aacute;y sinh tố n&agrave;y d&ugrave;ng pin t&iacute;ch hợp dung lượng 2.000 mAh c&oacute; thể say li&ecirc;n tục tr&ecirc;n 20 lần với c&ocirc;ng suất cực đại đạt 70W.&nbsp;</p>\r\n\r\n<p>Ngo&agrave;i ra, n&oacute; c&oacute; th&ecirc;m nắp đậy cho b&igrave;nh chứa sau khi say, gi&uacute;p bảo quản v&agrave; sử dụng dễ d&agrave;ng m&agrave; kh&ocirc;ng cần mang theo một chiếc ly đi k&egrave;m.&nbsp;</p>\r\n\r\n<p><strong>Mini M2&nbsp;</strong></p>\r\n\r\n<p><em>Gi&aacute;: 900 ng&agrave;n đồng</em></p>\r\n\r\n<p><img alt=\"Những món đồ công nghệ độc đáo cho nhà thông minh giá dưới 1 triệu - 4\" src=\"https://icdn.dantri.com.vn/thumb_w/640/2019/06/04/nhung-mon-do-cong-nghe-doc-dao-cho-nha-thong-minh-gia-duoi-1-trieudocx-1559624761863.jpeg\" title=\"Những món đồ công nghệ độc đáo cho nhà thông minh giá dưới 1 triệu - 4\" /></p>\r\n\r\n<p>Đ&acirc;y l&agrave; mẫu m&aacute;y massage đầu kh&aacute; gọn nhẹ, gi&uacute;p người d&ugrave;ng c&oacute; thể mang đi bất cứ l&uacute;c n&agrave;o. Mẫu m&aacute;y n&agrave;y t&iacute;ch hợp 4 b&aacute;nh xoay c&oacute; 28 đầu massage v&agrave; 84 điểm con tiếp x&uacute;c, gi&uacute;p massage giảm đ&acirc;u, giảm stress cho người d&ugrave;ng.&nbsp;</p>\r\n\r\n<p>Thiết bị n&agrave;y được ho&agrave;n thiện bởi silicon c&oacute; độ đ&agrave;n hồi tốt v&agrave; kh&ocirc;ng l&agrave;m đau người d&ugrave;ng khi tiếp x&uacute;c.&nbsp;</p>\r\n\r\n<p>Ngo&agrave;i ra, n&oacute; c&oacute; nguồn pin 1.200 mAh, gi&uacute;p m&aacute;y hoạt động l&acirc;u sau mỗi lần sạc.&nbsp;</p>\r\n\r\n<p><strong>Gia Minh</strong></p>\r\n', 0, '1565099815_cat-img-5.jpg', 5990000),
(9, 'Nokia 3310', 1, '<p>(D&acirc;n tr&iacute;)&nbsp;- Một doanh nh&acirc;n trẻ tuổi người Trung Quốc, người được mệnh danh &ldquo;tiểu Jack Ma&rdquo; đ&atilde; chi ra số tiền 4.567.888USD để c&oacute; được bữa ăn trưa ri&ecirc;ng c&ugrave;ng với tỷ ph&uacute; Warren Buffett.</p>\r\n', '<p>Cuộc đấu gi&aacute; thường ni&ecirc;n một buổi ăn trưa ri&ecirc;ng c&ugrave;ng với tỷ ph&uacute; Warren Buffett đ&atilde; kết th&uacute;c v&agrave; người gi&agrave;nh chiến thắng năm nay đ&atilde; chi ra số tiền 4.567.888USD để c&oacute; được bữa ăn c&ugrave;ng vị tỷ ph&uacute; nổi tiếng n&agrave;y. Con số n&agrave;y đ&atilde; vượt qua mức gi&aacute; kỷ lục l&agrave; 3.456.789 USD m&agrave; phi&ecirc;n đấu gi&aacute; từng đạt được trong năm 2012 v&agrave; 2016.</p>\r\n\r\n<p>Kh&aacute;c với nhiều năm trước khi t&ecirc;n của người chiến thắng phi&ecirc;n đấu gi&aacute; thường được giấu k&iacute;n, danh t&iacute;nh của người chiến thắng năm nay được x&aacute;c định l&agrave; Justin Sun.</p>\r\n\r\n<p>Justin (Yuchen) Sun, sinh năm 1990, l&agrave; một doanh nh&acirc;n người Trung Quốc v&agrave; l&agrave; nh&agrave; s&aacute;ng lập c&ocirc;ng ty tiền ảo TRON. Justin Sun được nhiều người đặt cho biệt danh &ldquo;tiểu Jack Ma&rdquo;, theo t&ecirc;n nh&agrave; s&aacute;ng lập h&atilde;ng thương mại điện tử Aliaba v&agrave; l&agrave; người gi&agrave;u nhất Trung Quốc. Hiện tại TRON đang l&agrave; đồng tiền ảo c&oacute; gi&aacute; trị lớn thứ 10 thế giới với vốn h&oacute;a 2,56 tỷ USD.</p>\r\n\r\n<p><img alt=\"Ai đã chi hơn 4,5 triệu USD để ăn trưa cùng tỷ phú Warren Buffett? - 1\" src=\"https://icdn.dantri.com.vn/thumb_w/640/2019/06/04/justin-sun-1-1559636894450.jpg\" title=\"Ai đã chi hơn 4,5 triệu USD để ăn trưa cùng tỷ phú Warren Buffett? - 1\" /></p>\r\n\r\n<p>Justin Sun được nhiều người đặc biệt danh &ldquo;tiểu Jack Ma&rdquo;, đ&atilde; chi ra hơn 4,5 triệu USD để ăn trưa c&ugrave;ng Warren Buffett</p>\r\n\r\n<p>Tỷ ph&uacute; Warren Buffettt, Gi&aacute;m đốc điều h&agrave;nh của Berkshire Hathaway, thực hiện việc đấu gi&aacute; một buổi ăn trưa với m&igrave;nh mỗi năm một lần để quy&ecirc;n tiền cho Quỹ Glide, quỹ gi&uacute;p đỡ người v&ocirc; gia cư ở San Francisco. Nh&agrave; đầu tư đại t&agrave;i Buffettt đ&atilde; quy&ecirc;n g&oacute;p được gần 30 triệu USD cho quỹ từ thiện n&agrave;y trong những năm qua.</p>\r\n\r\n<p>Ăn trưa c&ugrave;ng Warren Buffett, nh&agrave; đầu tư t&agrave;i ba v&agrave; l&agrave; người gi&agrave;u thứ tư tr&ecirc;n thế giới c&oacute; thể l&agrave; bữa ăn mang lại cơ hội để t&igrave;m hiểu về những kinh nghiệm giao dịch, đầu tư v&agrave; những lời khuy&ecirc;n đ&aacute;ng gi&aacute; từ ch&iacute;nh Buffett. Do vậy, nhiều người, đa phần l&agrave; c&aacute;c doanh nh&acirc;n, đ&atilde; kh&ocirc;ng ngần ngại chi ra những khoản tiền khổng lồ để gi&agrave;nh được quyền ăn trưa c&ugrave;ng Warren Buffett.</p>\r\n\r\n<p>Người chiến thắng trong cuộc đấu gi&aacute; c&oacute; thể mời 7 người bạn của họ được ăn trưa với nh&agrave; đầu tư Buffettt tại nh&agrave; h&agrave;ng Smith &amp; Wollensky ở New York. Chia sẻ tr&ecirc;n trang c&aacute; nh&acirc;n của m&igrave;nh, Justin Sun cho biết dự định sẽ mời th&ecirc;m c&aacute;c nh&acirc;n vật nổi tiếng kh&aacute;c trong giới tiền ảo để c&ugrave;ng tham gia bữa ăn trưa với Buffett.</p>\r\n\r\n<p>Năm nay 88 tuổi v&agrave; nắm giữ khối t&agrave;i sản 89,9 tỷ USD trong tay. Warren Buffett l&agrave; một trong số c&aacute;c nh&agrave; từ thiện h&agrave;o ph&oacute;ng nhất thế giới khi đ&atilde; ủng hộ hơn 35 tỷ USD cho c&aacute;c hoạt động từ thiện v&agrave; t&iacute;nh ri&ecirc;ng trong năm 2018, &ocirc;ng đ&atilde; chi ra 3,4 tỷ USD để ủng hộ cho c&aacute;c tổ chức từ thiện. Buffett c&ugrave;ng với một số tỷ ph&uacute; kh&aacute;c như Bill Gates, Mark Zuckerberbg... cũng đ&atilde; c&ugrave;ng k&yacute; v&agrave;o một bản cam kết sẽ chi ra 99% t&agrave;i sản của m&igrave;nh cho mục đ&iacute;ch từ thiện.</p>\r\n\r\n<p><strong>T.Thủy</strong></p>\r\n', 0, '1565099807_cat-img-4.jpg', 1060000),
(10, 'Huawei Nova 3i', 1, '<p>(D&acirc;n tr&iacute;)&nbsp;- Smartphone m&agrave;n h&igrave;nh kh&ocirc;ng viền l&agrave; xu thế thiết kế chung trong những năm gần đ&acirc;y, v&agrave; c&aacute;c h&atilde;ng smartphone c&oacute; những giải ph&aacute;p kh&aacute;c nhau để giấu đi camera trước nhằm thu gọn tối đa viền m&agrave;n h&igrave;nh. Mới đ&acirc;y, Oppo v&agrave; Xiaomi vừa h&eacute; lộ một giải ph&aacute;p mới, đ&oacute; l&agrave; ẩn lu&ocirc;n camera trước v&agrave;o b&ecirc;n trong m&agrave;n h&igrave;nh.</p>\r\n', '<p>Để trang bị thiết kế kh&ocirc;ng viền m&agrave;n h&igrave;nh l&ecirc;n sản phẩm của m&igrave;nh, c&aacute;c h&atilde;ng smartphone đ&atilde; đưa ra nhiều giải ph&aacute;p kh&aacute;c nhau, bao gồm m&agrave;n h&igrave;nh &ldquo;tai thỏ&rdquo; để chừa lại một phần &ldquo;tai thỏ&rdquo; nhằm bố tr&iacute; camera trước, hay m&agrave;n h&igrave;nh &ldquo;giọt nước&rdquo; l&agrave; một biến thể của m&agrave;n h&igrave;nh &ldquo;tai thỏ&rdquo; hay gần đ&acirc;y l&agrave; kiểu thiết kế &ldquo;th&ograve; thụt&rdquo; với camera trước được thụt v&agrave;o b&ecirc;n trong m&aacute;y v&agrave; chỉ hiện ra khi cần d&ugrave;ng đến...</p>\r\n\r\n<p>Một số h&atilde;ng kh&aacute;c như Samsung lại sử dụng giải ph&aacute;p m&agrave;n h&igrave;nh &ldquo;đục lỗ&rdquo;, với camera trước được bố tr&iacute; ngay b&ecirc;n trong m&agrave;n h&igrave;nh, tạo th&agrave;nh một lỗ tr&ograve;n ngay tr&ecirc;n m&agrave;n h&igrave;nh v&agrave; khi m&agrave;n h&igrave;nh bật s&aacute;ng, lỗ tr&ograve;n của camera trước sẽ giống như một lỗ thủng tr&ecirc;n m&agrave;n h&igrave;nh, điều n&agrave;y cũng ảnh hưởng &iacute;t nhiều đến t&iacute;nh thẩm mỹ của sản phẩm.</p>\r\n\r\n<p>Mới đ&acirc;y, Oppo lại vừa đưa ra một giải ph&aacute;p mới để ẩn đi camera trước tr&ecirc;n smartphone của m&igrave;nh, đ&oacute; l&agrave; giấu camera ngay b&ecirc;n trong m&agrave;n h&igrave;nh của sản phẩm.</p>\r\n\r\n<p>Oppo đ&atilde; cho đăng tải một đoạn clip ngắn tr&ecirc;n trang Twitter của m&igrave;nh, cho thấy một chiếc smartphone với thiết kế kh&ocirc;ng viền m&agrave;n h&igrave;nh, tuy nhi&ecirc;n điều đặc biệt l&agrave; khi k&iacute;ch hoạt ứng dụng camera tr&ecirc;n sản phẩm, lập tức camera trước sẽ hiện ra ở tr&ecirc;n m&agrave;n h&igrave;nh để sử dụng.</p>\r\n\r\n<p>&ldquo;Với những ai đang t&igrave;m kiếm chiếc smartphone kh&ocirc;ng &ldquo;tai thỏ&rdquo;, trải nghiệm m&agrave;n h&igrave;nh ho&agrave;n hảo, h&atilde;y chuẩn bị kinh ngạc. Bạn đang chi&ecirc;m ngưỡng c&ocirc;ng nghệ camera selfie b&ecirc;n dưới m&agrave;n h&igrave;nh đầu ti&ecirc;n của ch&uacute;ng t&ocirc;i&rdquo;, Oppo giới thiệu về đoạn video được đăng tải l&ecirc;n Twitter.</p>\r\n\r\n<p>Volume 90%</p>\r\n\r\n<p>Ph&aacute;t</p>\r\n\r\n<p>&nbsp;</p>\r\n\r\n<p>&nbsp;</p>\r\n\r\n<p>Oppo h&eacute; lộ về c&ocirc;ng nghệ giấu camera trước v&agrave;o b&ecirc;n trong m&agrave;n h&igrave;nh smartphone</p>\r\n\r\n<p>Trong khi đ&oacute; cũng như c&ugrave;ng thời điểm, một h&atilde;ng smartphone Trung Quốc kh&aacute;c l&agrave; Xiaomi cũng đ&atilde; cho đăng tải một đoạn video ngắn tr&ecirc;n trang Twitter ch&iacute;nh thức của m&igrave;nh. Trong đoạn video n&agrave;y, Xiaomi đ&atilde; cho thấy 2 chiếc smartphone, trong đ&oacute; chiếc smartphone b&ecirc;n phải c&oacute; thiết kế m&agrave;n h&igrave;nh &ldquo;giọt nước&rdquo; để bố tr&iacute; camera trước, trong khi đ&oacute; chiếc smartphone b&ecirc;n tr&aacute;i c&oacute; thiết kế ho&agrave;n to&agrave;n kh&ocirc;ng viền.</p>\r\n\r\n<p>Khi c&ocirc; g&aacute;i trong đoạn clip k&iacute;ch hoạt ứng dụng camera để sử dụng camera trước, người d&ugrave;ng sẽ kh&ocirc;ng thể nhận thấy được vị tr&iacute; camera trước được xuất hiện tr&ecirc;n chiếc smartphone b&ecirc;n tr&aacute;i n&agrave;y, điều n&agrave;y cho thấy Xiaomi đ&atilde; ẩn giấu camera trước v&agrave;o b&ecirc;n trong m&agrave;n h&igrave;nh của sản phẩm.</p>\r\n\r\n<p>&ldquo;Bạn muốn l&eacute;n nh&igrave;n một ch&uacute;t v&agrave;o tương lai? Xin giới thiệu đến bạn c&ocirc;ng nghệ camera b&ecirc;n dưới m&agrave;n h&igrave;nh&rdquo;, Xiaomi tuy&ecirc;n bố c&ugrave;ng đoạn clip được đăng tải l&ecirc;n trang Twitter.</p>\r\n\r\n<p>Volume 90%</p>\r\n\r\n<p>Ph&aacute;t</p>\r\n\r\n<p>&nbsp;</p>\r\n\r\n<p>&nbsp;</p>\r\n\r\n<p>Xiaomi giới thiệu smartphone với camera trước giấu b&ecirc;n trong m&agrave;n h&igrave;nh</p>\r\n\r\n<p>Việc giấu camera trước v&agrave;o b&ecirc;n trong m&agrave;n h&igrave;nh cũng giống như kiểu thiết kế m&agrave;n h&igrave;nh &ldquo;đục lỗ&rdquo;, khi camera trước được đặt tr&ecirc;n m&agrave;n h&igrave;nh, tuy nhi&ecirc;n c&ocirc;ng nghệ của Oppo v&agrave; Xiaomi đ&atilde; khắc phục được nhược điểm của m&agrave;n h&igrave;nh &ldquo;đục lỗ&rdquo; đ&oacute; l&agrave; nội dung vẫn sẽ hiển thị b&igrave;nh thường tr&ecirc;n ở vị tr&iacute; đặt camera trước tr&ecirc;n m&agrave;n h&igrave;nh, thay v&igrave; chỉ hiển thị một lỗ đen như kiểu m&agrave;n h&igrave;nh &ldquo;đục lỗ&rdquo;. Điều n&agrave;y sẽ khiến nhiều người kh&ocirc;ng thể nhận ra được vị tr&iacute; của camera trước đang giấu tr&ecirc;n m&agrave;n h&igrave;nh v&agrave; sẽ chỉ biết được khi k&iacute;ch hoạt ứng dụng camera. Điều n&agrave;y sẽ gi&uacute;p tăng t&iacute;nh thẩm mỹ trong thiết kế sản phẩm.</p>\r\n\r\n<p>Hiện vẫn chưa r&otilde; thời điểm Xiaomi v&agrave; Oppo &aacute;p dụng c&ocirc;ng nghệ giấu camera v&agrave;o b&ecirc;n trong m&agrave;n h&igrave;nh l&ecirc;n sản phẩm thực tế, nhưng nhiều khả năng những chiếc smartphone được trang bị c&ocirc;ng nghệ n&agrave;y sẽ sớm được xuất hiện trong tương lai.</p>\r\n\r\n<p><strong>T.Thủy</strong></p>\r\n', 0, '1565099801_cat-img-3.jpg', 5990000);
INSERT INTO `tbl_product` (`id`, `name`, `category_id`, `description`, `content`, `hotproduct`, `img`, `price`) VALUES
(11, 'Samsung Galaxy M20', 1, '<p>(D&acirc;n tr&iacute;)&nbsp;- Vẫn như mọi năm, nền tảng di động iOS tiếp tục l&agrave; &ldquo;nh&acirc;n vật ch&iacute;nh&rdquo; tại Hội nghị d&agrave;nh cho c&aacute;c nh&agrave; ph&aacute;t triển (WWDC), sự kiện quan trọng nhất trong năm của Apple. Năm nay, phi&ecirc;n bản iOS 13 được tr&igrave;nh l&agrave;ng với h&agrave;ng loạt t&iacute;nh năng v&agrave; cải tiến, đặc biệt l&agrave; cải thiện hiệu suất tr&ecirc;n thiết bị.</p>\r\n', '<p>Apple đ&atilde; ch&iacute;nh thức tr&igrave;nh l&agrave;ng phi&ecirc;n bản mới nhất của nền tảng iOS, phi&ecirc;n bản 13, tại Hội nghị WWDC 2019 đang diễn ra. Đ&uacute;ng như dự đo&aacute;n của giới c&ocirc;ng nghệ, Apple đ&atilde; c&oacute; nhiều cải tiến về hiệu suất tr&ecirc;n phi&ecirc;n bản n&agrave;y để gi&uacute;p c&aacute;c thiết bị di động hoạt động mượt m&agrave; hơn.</p>\r\n\r\n<p>Dưới đ&acirc;y l&agrave; một v&agrave;i t&iacute;nh năng mới v&agrave; nổi bật nhất được Apple trang bị cho iOS 13:</p>\r\n\r\n<p><strong>Tập trung cải thiện hiệu suất</strong></p>\r\n\r\n<p>Phi&ecirc;n bản iOS 12 được giới c&ocirc;ng nghệ đ&aacute;nh gi&aacute; cao về độ ổn định v&agrave; hiệu suất hoạt động, v&agrave; với iOS 13 vừa tr&igrave;nh l&agrave;ng, Apple vẫn tiếp tục cải thiện để n&acirc;ng cao hiệu suất v&agrave; tốc độ xử l&yacute; của nền tảng di động iOS.</p>\r\n\r\n<p>Apple cho biết iOS 13 sẽ được cải thiện tốc độ download v&agrave; n&acirc;ng cấp ứng dụng tr&ecirc;n nền tảng, khi c&aacute;c ứng dụng sẽ được thu nhỏ k&iacute;ch cỡ xuống c&ograve;n 50% khi tải về v&agrave; thu nhỏ xuống c&ograve;n 60% khi n&acirc;ng cấp l&ecirc;n phi&ecirc;n bản mới so với c&aacute;c nền tảng iOS trước đ&acirc;y.</p>\r\n\r\n<p>Đặc biệt, với iOS 13, tốc độ k&iacute;ch hoạt c&aacute;c ứng dụng sẽ được tăng l&ecirc;n gấp 2 lần v&agrave; mở kh&oacute;a m&agrave;n h&igrave;nh bằng Face ID sẽ nhanh hơn 30% so với iOS 12.</p>\r\n\r\n<p><strong>Giao diện tối m&agrave;u (Dark Mode)</strong></p>\r\n\r\n<p>Volume 90%</p>\r\n\r\n<p>Ph&aacute;t</p>\r\n\r\n<p>&nbsp;</p>\r\n\r\n<p>&nbsp;</p>\r\n\r\n<p>Giới thiệu về giao diện Dark&nbsp;Mode tr&ecirc;n iOS 13</p>\r\n\r\n<p>Kh&ocirc;ng chỉ cải thiện hiệu suất, Apple c&ograve;n thay đổi lại giao diện tr&ecirc;n iOS 13 bằng c&aacute;ch giới thiệu giao diện tối m&agrave;u.</p>\r\n\r\n<p>To&agrave;n bộ nền tảng iOS 13 v&agrave; tất cả c&aacute;c ứng dụng được Apple t&iacute;ch hợp sẵn trong đ&oacute; đều hỗ trợ giao diện tối m&agrave;u, cho ph&eacute;p người d&ugrave;ng chuyển giao diện của nền tảng iOS 13 v&agrave; c&aacute;c ứng dụng sang m&agrave;u đen, điều n&agrave;y sẽ gi&uacute;p bảo vệ mắt người d&ugrave;ng khi sử dụng thiết bị di động trong điều kiện thiếu s&aacute;ng v&agrave; đặc biệt sẽ gi&uacute;p tiết kiệm pin hơn khi sử dụng do thiết bị sẽ tốn &iacute;t năng lượng hơn để hiển thị giao diện m&agrave;u tối.</p>\r\n\r\n<p><strong>N&acirc;ng cấp c&aacute;c ứng dụng sẵn c&oacute; tr&ecirc;n iOS 13</strong></p>\r\n\r\n<p>Apple cũng đ&atilde; n&acirc;ng cấp t&iacute;nh năng cho c&aacute;c ứng dụng sẵn c&oacute; tr&ecirc;n iOS 13, bao gồm iMessage, Mail, Notes, Reminders...</p>\r\n\r\n<p>Chẳng hạn với ứng dụng iMessage, người d&ugrave;ng c&oacute; thể chia sẻ t&ecirc;n v&agrave; h&igrave;nh ảnh đại diện của m&igrave;nh cho những người d&ugrave;ng iMessage kh&aacute;c hoặc c&oacute; thể thiết lập để hiển thị h&igrave;nh ảnh đại diện được tạo ra bởi ứng dụng Memoji.</p>\r\n\r\n<p>Ứng dụng Mail tr&ecirc;n iOS 13 sẽ hỗ trợ định dạng văn bản gi&agrave;u t&iacute;nh chất (RTF) cho ph&eacute;p người d&ugrave;ng c&oacute; thể soạn thảo mail với font chữ hoặc m&agrave;u sắc t&ugrave;y chọn để gi&uacute;p biểu đạt nội dung email được đa dạng hơn.</p>\r\n\r\n<p>Ứng dụng Reminders cũng được thiết kế lại giao diện c&ugrave;ng h&agrave;ng loạt t&iacute;nh năng mới, trong số đ&oacute; c&oacute; t&ugrave;y chọn cho ph&eacute;p tự động ph&aacute;t hiện thời gian v&agrave; địa điểm để đưa ra c&aacute;c nhắc nhở cho người d&ugrave;ng. Ngo&agrave;i ra ứng dụng c&ograve;n trang bị t&iacute;nh năng để quản l&yacute; c&aacute;c lời nhắc nhở tốt hơn.</p>\r\n\r\n<p><strong>N&acirc;ng cấp ứng dụng bản đồ Apple Maps</strong></p>\r\n\r\n<p><img alt=\"Những tính năng mới nổi bật trên nền tảng di động iOS 13 vừa trình làng - 1\" src=\"https://icdn.dantri.com.vn/thumb_w/640/2019/06/04/apple-maps-1559631681227.jpg\" title=\"Những tính năng mới nổi bật trên nền tảng di động iOS 13 vừa trình làng - 1\" /></p>\r\n\r\n<p>Với iOS 13, Apple đ&atilde; tiếp tục cải thiện t&iacute;nh năng của ứng dụng bản đồ Apple Maps, trong đ&oacute; đ&atilde; hiển thị bản đồ chi tiết hơn gi&uacute;p hiển thị ch&iacute;nh x&aacute;c c&aacute;c địa chỉ, dữ liệu về người đi bộ...</p>\r\n\r\n<p>Bản đồ Apple Maps t&ecirc;n iOS 13 cũng trang bị t&iacute;nh năng cho ph&eacute;p xem đường dạng 3D tương tự như t&iacute;nh năng Street View của Google, gi&uacute;p người d&ugrave;ng c&oacute; thể xem th&ocirc;ng tin về c&aacute;c tuyến đường, c&aacute;c t&ograve;a nh&agrave;, địa chỉ ở c&aacute;c tuyến đường m&agrave; m&igrave;nh quan t&acirc;m một c&aacute;ch dễ d&agrave;ng v&agrave; ch&iacute;nh x&aacute;c hơn.</p>\r\n\r\n<p><strong>Cải thiện ứng dụng Photos</strong></p>\r\n\r\n<p>Với iOS 12 ra mắt v&agrave;o năm ngo&aacute;i, Apple đ&atilde; trang bị th&ecirc;m c&aacute;c t&iacute;nh năng mới cho ứng dụng Photos v&agrave; giờ đ&acirc;y h&atilde;ng tiếp tục thực hiện điều n&agrave;y với phi&ecirc;n bản iOS 13.</p>\r\n\r\n<p>Tr&ecirc;n giao diện ch&iacute;nh của ứng dụng Photos sẽ cho ph&eacute;p người d&ugrave;ng xem to&agrave;n bộ ảnh của họ hoặc xem ảnh theo ng&agrave;y, th&aacute;ng, năm.</p>\r\n\r\n<p>Chẳng hạn khi chọn xem ảnh theo &ldquo;Năm&rdquo;, ứng dụng Photos sẽ hiển thị c&aacute;c h&igrave;nh ảnh đại diện kh&aacute;c nhau cho từng năm, t&ugrave;y thuộc v&agrave;o bối cảnh của người d&ugrave;ng. V&iacute; dụ nếu bạn xem ảnh v&agrave;o ng&agrave;y 4/6 theo chủ đề từng năm, l&agrave; ng&agrave;y sinh nhật của một người trong gia đ&igrave;nh, ứng dụng Photos sẽ hiển thị những h&igrave;nh ảnh chụp v&agrave;o ng&agrave;y đ&oacute; theo từng năm, gi&uacute;p người d&ugrave;ng c&oacute; thể thưởng thức những bức ảnh kỷ niệm m&agrave; m&igrave;nh đ&atilde; chụp trong dịp đặc biệt n&agrave;y của từng năm.</p>\r\n\r\n<p>Ứng dụng Photos cũng trang bị c&aacute;c t&iacute;nh năng chỉnh sửa ảnh v&agrave; video mới, như c&acirc;n bằng trắng, khử nhiễu, tăng độ n&eacute;t cho h&igrave;nh ảnh... cho ph&eacute;p người d&ugrave;ng c&oacute; thể chỉnh sửa v&agrave; tăng chất lượng ảnh hoặc video của m&igrave;nh.</p>\r\n\r\n<p><strong>Hỗ trợ nhập văn bản bằng c&aacute;ch vuốt tr&ecirc;n b&agrave;n ph&iacute;m</strong></p>\r\n\r\n<p><img alt=\"Những tính năng mới nổi bật trên nền tảng di động iOS 13 vừa trình làng - 2\" src=\"https://icdn.dantri.com.vn/thumb_w/640/2019/06/04/ban-phim-i-os-1559631715815.jpg\" title=\"Những tính năng mới nổi bật trên nền tảng di động iOS 13 vừa trình làng - 2\" /></p>\r\n\r\n<p>B&agrave;n ph&iacute;m mặc định tr&ecirc;n iOS 13 sẽ được Apple trang bị th&ecirc;m t&iacute;nh năng mới với t&ecirc;n gọi Quick Path, cho ph&eacute;p người d&ugrave;ng vuốt c&aacute;c chữ c&aacute;i tr&ecirc;n b&agrave;n ph&iacute;m để nhập văn bản, thay v&igrave; phải g&otilde; từng kỹ tự như trước đ&acirc;y.</p>\r\n\r\n<p>Đ&acirc;y l&agrave; t&iacute;nh năng từng xuất hiện c&aacute;ch đ&acirc;y kh&aacute; l&acirc;u tr&ecirc;n nền tảng Android tuy nhi&ecirc;n giờ đ&acirc;y mới lần đầu ti&ecirc;n xuất hiện tr&ecirc;n b&agrave;n ph&iacute;m của iOS.</p>\r\n\r\n<p><strong>Ng&agrave;y ra mắt v&agrave; c&aacute;c thiết bị được hỗ trợ</strong></p>\r\n\r\n<p>Bản thử nghiệm đầu ti&ecirc;n của iOS 13 sẽ được ph&aacute;t h&agrave;nh đến c&aacute;c nh&agrave; ph&aacute;t triển ứng dụng ngay từ ng&agrave;y h&ocirc;m nay. V&agrave;o th&aacute;ng 7 tới đ&acirc;y, Apple sẽ bắt đầu ph&aacute;t h&agrave;nh bản thử nghiệm beta đến rộng r&atilde;i người d&ugrave;ng v&agrave; phi&ecirc;n bản iOS 13 sẽ được ph&aacute;t h&agrave;nh ch&iacute;nh thức v&agrave;o m&ugrave;a thu năm nay, thời điểm c&aacute;c phi&ecirc;n bản iPhone mới ch&iacute;nh thức được tr&igrave;nh l&agrave;ng.</p>\r\n\r\n<p>Với iOS 13, Apple sẽ ch&iacute;nh thức ngừng hỗ trợ iPhone 5S v&agrave; iPhone 6, nghĩa l&agrave; người d&ugrave;ng đang sử dụng iPhone 6S trở l&ecirc;n đều c&oacute; thể n&acirc;ng cấp l&ecirc;n iOS 13 mới nhất.</p>\r\n\r\n<p>Trong khi đ&oacute; người d&ugrave;ng iPad, từ phi&ecirc;n bản iPad Air 2 trở về sau, tất cả c&aacute;c phi&ecirc;n bản của iPad Pro v&agrave; iPad mini 4 trở về sau cũng như iPad 5 trở về sau sẽ được n&acirc;ng cấp l&ecirc;n nền tảng iPadOS mới được Apple tr&igrave;nh l&agrave;ng, thay v&igrave; n&acirc;ng cấp l&ecirc;n iOS 13.</p>\r\n\r\n<p><strong>T.Thủy</strong></p>\r\n', 0, '1565099795_cat-img-2.jpg', 3990000),
(12, 'Samsung Galaxy S10+ 128GB', 1, '<p>(D&acirc;n tr&iacute;)&nbsp;- Những thế hệ iPhone mới của Apple đang chứng kiến sức mua sụt giảm mạnh ở Việt Nam từ đầu năm đến nay. Nhiều hệ thống phải điều chỉnh gi&aacute; li&ecirc;n tục để h&ograve;ng h&uacute;t kh&aacute;ch</p>\r\n', '<p>Hầu như c&aacute;c hệ thống b&aacute;n lẻ trong nước đều cho biết, sức mua c&aacute;c thế hệ iPhone mới đều đang sụt giảm mạnh từ đầu năm đến nay. Đại diện từ c&aacute;c hệ thống b&aacute;n lẻ lớn thừa nhận việc sụt giảm mạnh đến từ gi&aacute; b&aacute;n sản phẩm cao, kh&ocirc;ng qu&aacute; kh&aacute;c biệt với c&aacute;c thế hệ trước n&ecirc;n k&eacute;n kh&aacute;ch.&nbsp;</p>\r\n\r\n<p>Đại diện một hệ thống chuy&ecirc;n b&aacute;n iPhone tại quận 1, TPHCM cũng cho rằng, sức mua giảm bởi người thực sự c&oacute; nhu cầu với iPhone XS Max, XS hay XR đều đ&atilde; mua trước đ&oacute;, tức thời điểm từ trước tết nguy&ecirc;n đ&aacute;n trở về trước. &quot;Chỉ t&iacute;nh ri&ecirc;ng th&aacute;ng 5, doanh số iPhone XS Max đ&atilde; giảm s&acirc;u đến 45% so với th&aacute;ng trước đ&oacute;. Chưa kể c&aacute;c mẫu XS hay XR chẳng c&oacute; người hỏi mua&quot;, đại diện nh&agrave; b&aacute;n lẻ n&agrave;y chia sẻ.&nbsp;</p>\r\n\r\n<p>Điều n&agrave;y phản &aacute;nh đ&uacute;ng thực tế khi số liệu mới từ GFK cũng cho thấy, thị phần Apple ở Việt Nam đang tiếp tục bị đe dọa, từ 9,4% thị phần của năm 2018 đ&atilde; tụt xuống c&ograve;n 7,5% thị phần của năm 2019 (t&iacute;nh đến hết th&aacute;ng 4/2019).&nbsp;</p>\r\n\r\n<p><img alt=\"iPhone XS series chính hãng tiếp tục giảm giá trước sức mua kém - 1\" src=\"https://icdn.dantri.com.vn/thumb_w/640/2019/06/04/vina-phone-khuyen-cao-khach-hang-canh-giac-voi-dau-so-ladocx-1559629232774.jpeg\" title=\"iPhone XS series chính hãng tiếp tục giảm giá trước sức mua kém - 1\" /></p>\r\n\r\n<p>iPhone XS Max</p>\r\n\r\n<p>Theo đại diện một nh&agrave; b&aacute;n lẻ kh&aacute;c ở quận 10, TPHCM, gi&aacute; b&aacute;n c&aacute;c thế hệ iPhone mới của Apple đ&atilde; chạm đ&aacute;y nhưng chẳng c&oacute; người mua nhiều. Vị n&agrave;y cho rằng, d&ugrave; giảm gi&aacute; nhưng gi&aacute; b&aacute;n của m&aacute;y c&ograve;n kh&aacute; cao so với mặt bằng chung hiện nay. Những sản phẩm b&aacute;n chạy cho Apple ở Việt Nam đang nằm ở c&aacute;c sản phẩm iPhone X trở lại. &quot;Hiện nay kh&aacute;ch mua iPhone hầu như chỉ mua iPhone X, iPhone 8 Plus, iPhone 7 Plus... rất &iacute;t người mua iPhone XS Max&quot;, vị n&agrave;y cho biết.&nbsp;</p>\r\n\r\n<p>Theo b&aacute;o c&aacute;o của GFK, ph&acirc;n kh&uacute;c m&agrave; Apple đang nắm giữ tốt nhất nằm ở ngưỡng 10-15 triệu đồng. T&iacute;nh đến 4/2019, Apple vẫn đang nắm 73,6% thị phần của ph&acirc;n kh&uacute;c 10-15 triệu đồng. C&aacute;c sản phẩm b&aacute;n chạy nhất của h&atilde;ng hiện l&agrave; iPhone 7 Plus (chiếm đến 50,4%) trong tổng số iPhone b&aacute;n tốt ở ph&acirc;n kh&uacute;c 10-15 triệu đồng.&nbsp;</p>\r\n\r\n<p>Một l&yacute; do kh&aacute;c khiến cho thế hệ iPhone mới cũng đang ế ẩm tại Việt Nam v&agrave; li&ecirc;n tục giảm s&acirc;u l&agrave; việc người d&ugrave;ng kh&ocirc;ng c&ograve;n mặn m&agrave; trong chi ti&ecirc;u mua smartphone cao cấp. Đại diện hệ thống ở quận 10 cho biết, người ti&ecirc;u d&ugrave;ng Việt Nam hiện đang c&oacute; xu hướng cắt giảm chi ti&ecirc;u kh&aacute; nhiều từ đầu năm đến nay. Họ kh&ocirc;ng chi qu&aacute; 20 triệu đồng để mua smartphone khiến cho ph&acirc;n kh&uacute;c cao cấp dần ế ẩm. Chưa kể, xu hướng mua sắm hiện nay của người d&ugrave;ng Việt đang dần hướng đến c&aacute;c sản phẩm đ&atilde; qua sử dụng với mức gi&aacute; mềm hơn rất nhiều v&agrave; khả năng thanh khoản cao. Lấy v&iacute; dụ, vị n&agrave;y cho biết, một mẫu iPhone X đ&atilde; qua sử dụng v&agrave;o khoảng 15 triệu đồng. Sau khi sử dụng khoảng 2-3 th&aacute;ng muốn n&acirc;ng đời b&aacute;n lại th&igrave; lỗ v&agrave;o khoảng 1-1,5 triệu đồng. Nếu mua một iPhone XS Max mới gi&aacute; h&agrave;ng x&aacute;ch tay 24,6 triệu đồng th&igrave; chỉ cần một th&aacute;ng sau gi&aacute; b&aacute;n lại lỗ &iacute;t nhất 3-4 triệu đồng. V&igrave; vậy, nhiều người lựa chọn phương &aacute;n mua h&agrave;ng đ&atilde; qua sử dụng để tiết kiệm tiền v&agrave; c&oacute; thể n&acirc;ng cấp mới &iacute;t tốn k&eacute;m hơn khi c&oacute; nhu cầu.&nbsp;</p>\r\n\r\n<p>Hiện tại c&aacute;c hệ thống đều đang giảm gi&aacute; s&acirc;u cho c&aacute;c sản phẩm iPhone mới. Điển h&igrave;nh iPhone XR 64GB ch&iacute;nh h&atilde;ng đang giảm th&ecirc;m 2 triệu đồng, về mức 17,9 triệu đồng. iPhone XS Max giảm đồng loạt 1 triệu đồng cho tất cả c&aacute;c phi&ecirc;n bản, về mức 28,9 triệu đồng cho phi&ecirc;n bản 64 GB...&nbsp;</p>\r\n\r\n<p>Ở thị trường x&aacute;ch tay, gi&aacute; b&aacute;n cũng đ&atilde; giảm s&acirc;u, một phi&ecirc;n bản XS Max c&oacute; gi&aacute; 24,6 triệu đồng cho bản 64 GB. Ri&ecirc;ng phi&ecirc;n bản m&agrave;u x&aacute;m chỉ ở mức 23,7 triệu đồng.&nbsp;</p>\r\n\r\n<p>C&aacute;c nh&agrave; b&aacute;n lẻ nhận định, thị trường iPhone mới của Apple sẽ kh&ocirc;ng c&oacute; sự thay đổi trong thời gian tới. Hầu như người d&ugrave;ng đều lựa chọn phi&ecirc;n bản cũ hơn, chờ đợi c&aacute;c sản phẩm mới của Apple trong th&aacute;ng 9 tới đ&acirc;y.&nbsp;</p>\r\n\r\n<p><strong>Gia Hưng</strong></p>\r\n', 0, '15683820875-1568338482517.jpg', 18990000);

-- --------------------------------------------------------

--
-- Cấu trúc bảng cho bảng `tbl_user`
--

CREATE TABLE `tbl_user` (
  `id` int(11) NOT NULL,
  `name` varchar(500) NOT NULL,
  `email` varchar(500) NOT NULL,
  `password` varchar(500) NOT NULL
) ENGINE=InnoDB DEFAULT CHARSET=utf8;

--
-- Đang đổ dữ liệu cho bảng `tbl_user`
--

INSERT INTO `tbl_user` (`id`, `name`, `email`, `password`) VALUES
(1, 'Nguyễn Văn A', 'admin1@mail.com', '202cb962ac59075b964b07152d234b70'),
(2, 'Nguyễn Văn B', 'admin2@mail.com', '202cb962ac59075b964b07152d234b70'),
(3, 'Nguyễn Văn C', 'admin3@mail.com', '202cb962ac59075b964b07152d234b70'),
(4, 'Nguyễn Văn D', 'admin4@mail.com', '202cb962ac59075b964b07152d234b70');

--
-- Chỉ mục cho các bảng đã đổ
--

--
-- Chỉ mục cho bảng `tbl_category`
--
ALTER TABLE `tbl_category`
  ADD PRIMARY KEY (`id`);

--
-- Chỉ mục cho bảng `tbl_customer`
--
ALTER TABLE `tbl_customer`
  ADD PRIMARY KEY (`customer_id`);

--
-- Chỉ mục cho bảng `tbl_order`
--
ALTER TABLE `tbl_order`
  ADD PRIMARY KEY (`order_id`);

--
-- Chỉ mục cho bảng `tbl_order_detail`
--
ALTER TABLE `tbl_order_detail`
  ADD PRIMARY KEY (`order_detail_id`);

--
-- Chỉ mục cho bảng `tbl_product`
--
ALTER TABLE `tbl_product`
  ADD PRIMARY KEY (`id`);

--
-- Chỉ mục cho bảng `tbl_user`
--
ALTER TABLE `tbl_user`
  ADD PRIMARY KEY (`id`);

--
-- AUTO_INCREMENT cho các bảng đã đổ
--

--
-- AUTO_INCREMENT cho bảng `tbl_category`
--
ALTER TABLE `tbl_category`
  MODIFY `id` int(11) NOT NULL AUTO_INCREMENT, AUTO_INCREMENT=6;

--
-- AUTO_INCREMENT cho bảng `tbl_customer`
--
ALTER TABLE `tbl_customer`
  MODIFY `customer_id` int(11) NOT NULL AUTO_INCREMENT, AUTO_INCREMENT=7;

--
-- AUTO_INCREMENT cho bảng `tbl_order`
--
ALTER TABLE `tbl_order`
  MODIFY `order_id` int(11) NOT NULL AUTO_INCREMENT, AUTO_INCREMENT=9;

--
-- AUTO_INCREMENT cho bảng `tbl_order_detail`
--
ALTER TABLE `tbl_order_detail`
  MODIFY `order_detail_id` int(11) NOT NULL AUTO_INCREMENT, AUTO_INCREMENT=14;

--
-- AUTO_INCREMENT cho bảng `tbl_product`
--
ALTER TABLE `tbl_product`
  MODIFY `id` int(11) NOT NULL AUTO_INCREMENT, AUTO_INCREMENT=15;

--
-- AUTO_INCREMENT cho bảng `tbl_user`
--
ALTER TABLE `tbl_user`
  MODIFY `id` int(11) NOT NULL AUTO_INCREMENT, AUTO_INCREMENT=6;
COMMIT;

/*!40101 SET CHARACTER_SET_CLIENT=@OLD_CHARACTER_SET_CLIENT */;
/*!40101 SET CHARACTER_SET_RESULTS=@OLD_CHARACTER_SET_RESULTS */;
/*!40101 SET COLLATION_CONNECTION=@OLD_COLLATION_CONNECTION */;
